,0
2020-12-09 01:42:24,"RT @UNIwbb: Listen to this week’s Good Decision of the Game sponsored by Aaron Sannes and Joshua Katcher, the Financial Advisors and Managi…"
2020-12-09 00:54:32,"$AMP Ameriprise Financial, Inc Leading stock #BreakOutWatch Recent close 192.51 Liquidity: $110M https://t.co/IIGOfwrWoF"
2020-12-08 23:03:20,"RT @UNIwbb: Listen to this week’s Good Decision of the Game sponsored by Aaron Sannes and Joshua Katcher, the Financial Advisors and Managi…"
2020-12-08 22:15:40,"RT @UNIwbb: Listen to this week’s Good Decision of the Game sponsored by Aaron Sannes and Joshua Katcher, the Financial Advisors and Managi…"
2020-12-08 22:05:17,"Listen to this week’s Good Decision of the Game sponsored by Aaron Sannes and Joshua Katcher, the Financial Advisor… https://t.co/nrcHELLOGu"
2020-12-08 19:54:21,"Listen to this week’s Good Decision of the Game sponsored by Aaron Sannes and Joshua Katcher, the Financial Advisor… https://t.co/KYfC8AeqOK"
2020-12-08 14:16:32,"New post: Product Marketing &amp; Communications Manager – Banking Products | Ameriprise Financial, Inc. Minneapolis, M… https://t.co/TwqmzH2ACP"
2020-12-08 07:34:25,Ameriprise Financial Inc. Shares Close in on 52-Week High - Market Mover https://t.co/wEn86YhzKY $AMP #stockmarket #kwhenfinance
2020-12-08 04:15:13,"#FWSells $AMP Hutt John R., Sr Vice Pres and Controller of AMERIPRISE FINANCIAL INC sold 302 shares on 2020-12-03. https://t.co/zSGiWBxFo2"
2020-12-07 23:09:23,"$AMP:

New Insider Filing on AMERIPRISE FINANCIAL INC's

Pres-AWM Products &amp; Services

JOSEPH EDWARD SWEENEY:

https://t.co/K3Pfssf7xJ"
2020-12-07 22:50:21,"$AMP Ameriprise Financial, Inc Top stock up 137% from low. Close: 194.43 VolvsAvg: 1.02 Liq: $137M https://t.co/IIGOfwrWoF"
2020-12-07 22:45:26,"$AMP:

New Insider Filing on AMERIPRISE FINANCIAL INC's

Sr Vice Pres and Controller

JOHN R. HUTT:

https://t.co/J92XTqbzRC"
2020-12-07 21:40:27,"An executive and/or major shareholder of $AMP (AMERIPRISE FINANCIAL INC) reportedly sold ~$ 1,362,015 worth of shar… https://t.co/PdmzWhUYJn"
2020-12-07 21:32:17,"#FWSells $AMP Sweeney Joseph Edward, Pres-AWM Products &amp; Services of AMERIPRISE FINANCIAL INC sold 6,974 shares on… https://t.co/SZkvlCTUec"
2020-12-07 18:40:15,"THANK YOU FOR RENEWING YOUR MEMBERSHIP with CABA, AMERIPRISE FINANCIAL! We greatly appreciate your support of our 3… https://t.co/Fyb0jUYfNZ"
2020-12-07 16:11:34,"Director of Marketing &amp; Business Development | Ameriprise Financial, Inc. https://t.co/3s0tIj1bRM"
2020-12-07 16:11:33,"Product Marketing &amp; Communications Manager – Banking Products | Ameriprise Financial, Inc. https://t.co/wmPPuSaWan"
2020-12-07 09:15:55,"New post: Content Marketing Coordinator | Ameriprise Financial, Inc. Minneapolis, Minnesota,  Job Description     T… https://t.co/hoFXA4uEpY"
2020-12-07 02:42:38,Have you drawn a line from point A to point B? There’s a tax-advantaged way to save for retirement and life insuran… https://t.co/xr6571R9sc
2020-12-07 01:44:09,@erikgunn A coworker arranged for some Ameriprise financial planners to pitch themselves to some of us 17 years ago… https://t.co/JrnKxQW6kL
2020-12-06 17:17:19,"New post: Recruiting Operations and Marketing Specialist | Ameriprise Financial, Inc. Minneapolis, Minnesota,  Job… https://t.co/4eSa57jOy4"
2020-12-05 18:09:13,@ThatDudeSly @Zirksee Is that for crypto or Ameriprise financial?
2020-12-05 15:32:52,"After the ""Allegiant Stadium"", i start a Minnesota series with the ""Ameriprise Financial Center"", now available for… https://t.co/YHcxHUAs4S"
2020-12-05 07:36:39,Ameriprise Financial Inc. Shares Climb 0.8% Past Previous 52-Week High - Market Mover https://t.co/iG88mJ0ygL $AMP… https://t.co/AaYZENCPYN
2020-12-04 23:08:19,"$AMP Ameriprise Financial, Inc Top stock up 137% from low. Close: 196.18 VolvsAvg: 0.60 Liq: $79M https://t.co/IIGOfwrWoF"
2020-12-04 22:25:50,"$AMP Ameriprise Financial, Inc Leading stock #BreakOutWatch Recent close 196.18 Liquidity: $79M https://t.co/IIGOfwrWoF"
2020-12-04 22:15:01,Track your progress towards your financial goals – online. Get started by logging into the secure site on… https://t.co/i9XKM0fBor
2020-12-04 11:28:50,"pig can not be what Hospitality or Ameriprise Financial, Inc. dance with."
2020-12-04 04:57:05,Ameriprise Financial Inc. Shares Climb 0.7% Past Previous 52-Week High - Market Mover https://t.co/E4ZudTa7Ko $AMP… https://t.co/FlNNSTRbZY
2020-12-04 01:21:42,"A #CFPProDiversity panel with advisors and executives from @LPL, @Ameriprise and @AbacusWealth expressed hope about… https://t.co/vOrBLdRNIT"
2020-12-04 00:00:41,"Organizing all your financial accounts and documents will make it easier, when needed, for you, and your loved ones… https://t.co/XWWBWYmzwC"
2020-12-03 23:11:47,"$AMP Ameriprise Financial, Inc Top stock up 135% from low. Close: 194.63 VolvsAvg: 0.85 Liq: $108M https://t.co/IIGOfwrWoF"
2020-12-03 22:24:28,"$AMP Ameriprise Financial, Inc Leading stock #BreakOutWatch Recent close 194.63 Liquidity: $108M https://t.co/IIGOfwrWoF"
2020-12-03 18:30:07,"“The [MFM] teachers were predominantly practitioners, who could provide real world examples of how they used what t… https://t.co/elQqNTFly5"
2020-12-03 17:30:49,"Follow the money: today the Federal Reserve named its Insurance Policy Advisory Committee incl Ameriprise, Prudenti… https://t.co/3CPdjYlZMk"
2020-12-03 17:09:08,52-Week High Alert: Trading today’s movement in AMERIPRISE FINANCIAL $AMP https://t.co/IshRIJwsnS
2020-12-03 16:53:03,RT @PPLTwinCities: Graduates from financial services cohorts 53 &amp; 54 were able to visit PPL and pick up a backpack as a graduation gift. Th…
2020-12-03 16:50:33,Graduates from financial services cohorts 53 &amp; 54 were able to visit PPL and pick up a backpack as a graduation gif… https://t.co/CFiJyfFslx
2020-12-03 04:35:04,Ameriprise Financial Inc. Shares Climb 0.4% Past Previous 52-Week High - Market Mover https://t.co/hFTrRO09I2 $AMP… https://t.co/rzeQp1Wd51
2020-12-03 02:19:21,"$AMP:

New Insider Filing on AMERIPRISE FINANCIAL INC's

Executive VP and CFO

WALTER STANLEY BERMAN:

https://t.co/EJC7CRk35y"
2020-12-02 23:15:01,Giving back can be rewarding. I can help you create a charitable giving plan that reflects your values and takes ta… https://t.co/oR4xeThRyw
2020-12-02 22:59:15,"$AMP Ameriprise Financial, Inc Top stock up 133% from low. Close: 193.47 VolvsAvg: 1.14 Liq: $137M https://t.co/IIGOfwrWoF"
2020-12-02 22:26:36,$AMP https://t.co/MaD4ymdeCq Ameriprise Financial Inc. The statistical model is forecasting the market value of thi… https://t.co/ceo3HCpnoI
2020-12-02 22:05:21,"$AMP:

New Insider Filing on AMERIPRISE FINANCIAL INC's

CEO, Global Asset Management

WILLIAM F TRUSCOTT:

https://t.co/c5l5rxYXv6"
2020-12-02 21:50:16,"An executive and/or major shareholder of $AMP (AMERIPRISE FINANCIAL INC) reportedly sold ~$ 3,948,940 worth of shar… https://t.co/7UoXI0YGsz"
2020-12-02 21:50:11,"An executive and/or major shareholder of $AMP (AMERIPRISE FINANCIAL INC) reportedly sold ~$ 1,238,315 worth of shar… https://t.co/l1bYikIroq"
2020-12-02 21:47:39,"#FWSells $AMP Berman Walter Stanley, Executive VP and CFO of AMERIPRISE FINANCIAL INC sold 6,633 shares on 2020-11-… https://t.co/it2B83JSbt"
2020-12-02 21:47:20,"#FWSells $AMP TRUSCOTT WILLIAM F, CEO, Global Asset Management of AMERIPRISE FINANCIAL INC sold 21,005 shares on 20… https://t.co/VjCSx2lG6N"
2020-12-02 21:20:00,WHAT IS THE MOST YOU CAN SPEND WITHOUT CHECKING WITH YOUR SPOUSE?  Ameriprise Financial released a survey a couple… https://t.co/eJSwEmpzdE
2020-12-02 17:01:40,Giving back can be rewarding. I can help you create a charitable giving plan that reflects your values and takes ta… https://t.co/ysQieKBot8
2020-12-02 01:29:04,$AMP Ameriprise Financial is my one stock in this sector. It has growth expectations and is right near all time hig… https://t.co/X0AXsaoHUt
2020-12-02 01:05:03,Ameriprise Financial released a survey that found the average spending limit that necessitated a conversation was $… https://t.co/nf8QRwtNZR
2020-12-02 00:01:36,Giving back can be rewarding. We can help you create a charitable giving plan that reflects your values and takes t… https://t.co/2WSzKQywin
2020-12-01 23:30:02,A new year means new beginnings. Start your financial year off right by reviewing your goals and making sure your i… https://t.co/veIXEyGFCq
2020-12-01 23:03:36,"$AMP Ameriprise Financial, Inc Top stock up 132% from low. Close: 190.04 VolvsAvg: 1.10 Liq: $126M https://t.co/IIGOfwrWoF"
2020-12-01 22:13:13,"$AMP Ameriprise Financial, Inc Leading stock #BreakOutWatch Recent close 190.04 Liquidity: $126M https://t.co/IIGOfwrWoF"
2020-12-01 21:45:01,Giving back can be rewarding. I can help you create a charitable giving plan that reflects your values and takes ta… https://t.co/N5Ok4hODgu
2020-12-01 21:45:00,Giving back can be rewarding. I can help you create a charitable giving plan that reflects your values and takes ta… https://t.co/c9E0D51uLq
2020-12-01 20:24:24,"$AMP:

New Insider Filing on AMERIPRISE FINANCIAL INC's

Executive VP and GC

KAREN WILSON THISSEN:

https://t.co/1COlegftZv"
2020-12-01 20:22:30,Giving back can be rewarding. We can help you create a charitable giving plan that reflects your values and takes t… https://t.co/9GbAIAqR3P
2020-12-01 20:17:22,"#FWSells $AMP THISSEN KAREN WILSON, Executive VP and GC of AMERIPRISE FINANCIAL INC sold 1,132 shares on 2020-11-25. https://t.co/zSGiWBxFo2"
2020-12-01 16:27:14,Giving back can be rewarding. We can help you create a charitable giving plan that reflects your values and takes t… https://t.co/c44m1gtBSk
2020-12-01 00:15:00,"In a new Ameriprise videocast, experts share insights on economic drivers, the stock market, policy implications an… https://t.co/edkQT7W1RI"
2020-11-30 19:54:22,"@timethief1 @mattyglesias many companies like edward jones, ameriprise, etc. make money by having their financial a… https://t.co/1FIs6OqOkc"
2020-11-30 17:40:16,"A #CFPProDiversity panel with advisors and executives from @LPL, @Ameriprise and @AbacusWealth expressed hope about… https://t.co/nHTEKB5Msi"
