2020-12-11 05:12:09,"Jack Henry and Associates, Inc. is looking for a remote Part-Time Customer Service Representative - Bank/Credit Uni‚Ä¶ https://t.co/DJKjljqiRz"
2020-12-11 05:10:50,"RT @ComplexMusic: JACK HARLOW'S DEBUT ALBUM üí• @jackharlow

Listen to #ThatsWhatTheyAllSay here: https://t.co/2uOe7fGeT4 https://t.co/UONGR5‚Ä¶"
2020-12-11 05:03:32,"RT @SteveReeves2112: 12 Angry Men  (1957) Directed by Sidney Lumet.
-Henry Fonda, Lee J. Cobb, Ed Begley and Jack Klugman- https://t.co/MrQ‚Ä¶"
2020-12-11 04:48:49,@LightItUpPat Nikita had a scarily high fever as he was just laying there with his head in Henry‚Äôs lap. Once they g‚Ä¶ https://t.co/1AT8rdpfwd
2020-12-11 04:33:47,"@ArtsyRxmanxv Henry was freaking out and he said ""Jack what do we do?! What the fuck do we do?!"""
2020-12-11 03:55:56,"@vicdimitrova That‚Äôs a stupid name for a bird. Famous pirates? Captain jack sparrow, Blackbeard, Henry Morgan, Adam Scott"
2020-12-11 03:46:24,"RT @ehoranpoet: I have a new book coming out soon. Horan and Plath. Eli and Sylvia... plus appearances by: Henry James, Charlotte Perkins G‚Ä¶"
2020-12-11 03:08:46,Henry Stickmin
2020-12-11 03:07:42,"@ArtsyRxmanxv Henry fell asleep curled up to Jack and he let out one last yawn

Patrick woke the next day and let N‚Ä¶ https://t.co/3Jz4PyIPAK"
2020-12-11 02:36:34,"@ArtsyRxmanxv Patrick said ""Quiet"" with a smirk

Henry curled up beside Jack and chewed on the cone with a whine"
2020-12-11 02:35:10,"I loved Hailey and Hotch, and I love Jj and will. But it feels like they‚Äôre just repeating Haley and Hotch storylin‚Ä¶ https://t.co/frzI3iDMoR"
2020-12-11 02:32:54,I LOVE criminal minds and everything like LOVE IT. SPOILERS FOR SEASON 7‚ö†Ô∏è But season 7 JJ and Will kinda just take‚Ä¶ https://t.co/5bwtDYznc3
2020-12-11 02:13:50,"Jack Henry representing for the GATORS tonight!!  üèÄ GREAT game Gators, keep it up!!  #hustle #yallgotthis https://t.co/sGfiJzuflP"
2020-12-11 01:47:14,"Jason finishes 4th in the 100 breast, in a time of 1.33.28.

To close out the meet, the JV 400 free relay team of J‚Ä¶ https://t.co/PjhYMywhCV"
2020-12-11 01:37:03,"In the 200 free relay, JV team of Maxwell, Jason, Nolan and Evan win in a time of 2.02.96.  Thomas, Diezel, Will an‚Ä¶ https://t.co/7Q4pH8m7ct"
2020-12-11 01:29:17,"@PenknifeBowers ‚ÄòThen maybe we should go take shelter somewhere safe.. at least until we can turn back..‚Äô

Jack sug‚Ä¶ https://t.co/MsK59t1c7P"
2020-12-11 01:24:29,"RT @SteveReeves2112: 12 Angry Men  (1957) Directed by Sidney Lumet.
-Henry Fonda, Lee J. Cobb, Ed Begley and Jack Klugman- https://t.co/MrQ‚Ä¶"
2020-12-11 01:05:49,@MUFCYesteryears @ADDICTED2ManUtd @locallink57 @antiballgame @Enitan_sam @simongillen @its_m7ke @TBoneCaponeOG‚Ä¶ https://t.co/1sn1aX5YHv
2020-12-11 00:52:45,"@PenknifeBowers Robbie let out a protesting grunt and Adrik just slowly nodded

‚ÄòYou might wanna leave that on..‚Äô‚Ä¶ https://t.co/I6M91wRQ18"
2020-12-11 00:52:14,"RT @PenknifeBowers: ‚ÄúShut up! I‚Äôm gonna carve my name into this cottage cheese!‚Äù

Henry Bowers

üî™ Leader of the Bowers Gang

üî™ Little broth‚Ä¶"
2020-12-11 00:51:27,"Nolan wins the JV 50 free in a time of 28.03.  Maxwell is 4th (33.43) and Jack 6th (36.95).

In the Varsity race, M‚Ä¶ https://t.co/edfyWWq1hc"
2020-12-11 00:43:16,@PenknifeBowers &gt;&gt; softly and Jack looked over at Henry slowly
2020-12-11 00:33:07,@ArtsyRxmanxv Henry jumped down and barked a thanks before licking the vet's face and he padded to where Jack was‚Ä¶ https://t.co/QrAUJh74Xv
2020-12-11 00:30:32,"@PenknifeBowers ‚ÄúThat was a good choice‚Äù

The vet nodded as she finished up

The vet took Jack into a room to help‚Ä¶ https://t.co/a2ikO6v1M1"
2020-12-11 00:19:33,"@PenknifeBowers ‚ÄúYikes..‚Äù

The vet said as she continued working on Robbie

Jack noticed that his wounds were start‚Ä¶ https://t.co/AfGKP4hEhK"
2020-12-11 00:13:32,"RT @SteveReeves2112: 12 Angry Men  (1957) Directed by Sidney Lumet.
-Henry Fonda, Lee J. Cobb, Ed Begley and Jack Klugman- https://t.co/MrQ‚Ä¶"
2020-12-11 00:06:46,"@PenknifeBowers Whining, Jack pointed at Henry with his snout

Adrik stayed in the car with his brother, petting him gently"
2020-12-11 00:00:13,"@PenknifeBowers After beating Robbie in a fight, Jack left him for dead as he got Henry onto his back and ran off to get him help"
2020-12-10 23:50:36,RT @ScottichThe: @TheFlyingFacc Hallo can I take your order Henry? https://t.co/HIn0ZCtU4h
2020-12-10 23:08:48,"Henry Cavill, Jamie Dornan, Josh O‚ÄôConnor, Daniel Kaluuya, Douglas Booth, Joseph Morgan, Christian Cooke, Jack O‚ÄôCo‚Ä¶ https://t.co/JPcGtVZ1BV"
2020-12-10 23:05:47,RT @SuperToad129: Everyone when awdrys henry model was found after many years of being on the closet https://t.co/biLQoiOSnR
2020-12-10 22:53:57,"RT @ehoranpoet: I have a new book coming out soon. Horan and Plath. Eli and Sylvia... plus appearances by: Henry James, Charlotte Perkins G‚Ä¶"
2020-12-10 22:37:21,"RT @ehoranpoet: I have a new book coming out soon. Horan and Plath. Eli and Sylvia... plus appearances by: Henry James, Charlotte Perkins G‚Ä¶"
2020-12-10 22:36:34,"I have a new book coming out soon. Horan and Plath. Eli and Sylvia... plus appearances by: Henry James, Charlotte P‚Ä¶ https://t.co/VVniYcQQnq"
2020-12-10 22:28:41,"@dylanmatt Also Jack Lew did two OMB tours, and Henry Stimson was Secretary of War under Taft then, 30 years later, FDR."
2020-12-10 22:27:23,"@westcountrybird @PaulRiches8 @nickiabbey Good mix of local lads, Devon, cornish &amp; a mix of others‚úä Henry slade liv‚Ä¶ https://t.co/qDxbfi2uTv"
2020-12-10 22:26:18,"@dylanmatt Rumsfeld at Defense, under Ford and then Bush. Jack Lew was OMB director twice, same with James Baker as‚Ä¶ https://t.co/e6JSNdwTAK"
2020-12-10 22:21:05,".@JackHenryAssoc named a Top Workplace for eighth consecutive year

https://t.co/QoLza3TWbT https://t.co/HS8w842MHB"
2020-12-10 22:09:00,"RT @JackHenryJobs: Want to work in #Charlotte, NC? View our latest opening: https://t.co/SIdShfla9z #IT"
2020-12-10 22:08:54,"Want to work in #Charlotte, NC? View our latest opening: https://t.co/SIdShfla9z #IT"
2020-12-10 21:51:45,"RT @1NuclearBible: @RichardUri15 @Samyann_Writer @CNN @jack All human conflict is ultimately theological.‚Äù ‚ÄîHenry Edward Cardinal

Politics‚Ä¶"
2020-12-10 21:36:14,"RT @Amcharlie_J: @iamkingmonye Henry: That's it! I'm going with her!
Captain Jack Sparrow: You would leave me for some horologist in her kn‚Ä¶"
2020-12-10 21:35:42,"@RichardUri15 @Samyann_Writer @CNN @jack All human conflict is ultimately theological.‚Äù ‚ÄîHenry Edward Cardinal

Pol‚Ä¶ https://t.co/fGEOQIdDtR"
2020-12-10 21:29:20,RT @natmolyneaux: @EngNorbridge Jack Beardsley @KingfisherY6  read Horrid Henry perfect peters revenge and he gave it ‚≠êÔ∏è‚≠êÔ∏è‚≠êÔ∏è‚≠êÔ∏è‚≠êÔ∏è‚ò∫Ô∏è
2020-12-10 21:26:20,RT @ritamay1: @kamabi @CristianeGLima @ceconomou56 @famartinez2001 @dianadep1 @ampomata @VeronicaUgarte4 @bgv_online @Spiros209 @PasqualeTo‚Ä¶
2020-12-10 21:22:37,"1. Johnny Depp as Jack Sparrow
2. Daniel Day-Lewis as Bill The Butcher 
3. Leonardo DiCaprio as Jordan Belfort
4. J‚Ä¶ https://t.co/R1zysxCfgV"
2020-12-10 21:13:35,RT @LisaBarlow7: Henry dancing with a producer on a break from Jack‚Äôs driving lesson. üòÇ‚ù§Ô∏è#RHOSLC https://t.co/iNrQLEwh53
2020-12-10 20:47:29,"The Henry Ford Museum in Dearborn, MI curates the archives of Bob Probst and Jack Kelley - the Herman Miller design‚Ä¶ https://t.co/zf4FYSvV6c"
2020-12-10 20:24:32,"First Prize (1):
Replica Axe signed by Henry Thomas (Jack) and Alex Essoe (Wendy) from Dr. Sleep! (Beckett certifie‚Ä¶ https://t.co/74nf9wNoCV"
2020-12-10 19:59:02,@henry_hill94 the embrace between Gatusso and Real Sociedad‚Äôs manager was glorious
2020-12-10 19:47:01,@EngNorbridge Jack Beardsley @KingfisherY6  read Horrid Henry perfect peters revenge and he gave it ‚≠êÔ∏è‚≠êÔ∏è‚≠êÔ∏è‚≠êÔ∏è‚≠êÔ∏è‚ò∫Ô∏è
2020-12-10 19:37:35,"@Lilyflo7 @archers_fan2015 @FurnessGirl Would the house be big enough for Kirsty, Gavin, Helen + Henry ¬¥n Jack all together? ü§î. #TheArchers"
2020-12-10 19:35:52,RT @GoonerViews: Balogun with an Henry-Esque finish. You love to see it. üòç
2020-12-10 19:08:17,"@jack_sloane17 Thought you said hate instead of love and I was kinda pissed tbh.
But yeah I'm excited for this. I l‚Ä¶ https://t.co/ENWO86kZyK"
2020-12-10 18:54:36,"RT @EmekaGift: Police Personnel Shot &amp; Killed A Keke Driver This Morning At Rukpoku, Igweocha (Port-Harcourt), For Not Giving him bribe of‚Ä¶"
2020-12-10 18:49:57,"RT @SteveReeves2112: 12 Angry Men  (1957) Directed by Sidney Lumet.
-Henry Fonda, Lee J. Cobb, Ed Begley and Jack Klugman- https://t.co/MrQ‚Ä¶"
2020-12-10 18:47:12,"12 Angry Men  (1957) Directed by Sidney Lumet.
-Henry Fonda, Lee J. Cobb, Ed Begley and Jack Klugman- https://t.co/MrQnBQAV8D"
2020-12-10 18:35:08,RT @W_0nderkid: Jack grealish after experiencing black coochie https://t.co/8ko2Bi62rK
2020-12-10 18:26:56,RT @ritamay1: @kamabi @CristianeGLima @ceconomou56 @famartinez2001 @dianadep1 @ampomata @VeronicaUgarte4 @bgv_online @Spiros209 @PasqualeTo‚Ä¶
2020-12-10 18:22:58,@kamabi @CristianeGLima @ceconomou56 @famartinez2001 @dianadep1 @ampomata @VeronicaUgarte4 @bgv_online @Spiros209‚Ä¶ https://t.co/U039sTB6ty
2020-12-10 17:08:20,"@ArtsyRxmanxv That's when Henry shifted too. He and Jack were also werewolves

This wasn't gonna end well...."
2020-12-10 16:53:57,Ep. 15 of The Corked Up Podcast is available everywhere! The Bears season is over. We're transitioning into more ge‚Ä¶ https://t.co/8GcGl38IwC
2020-12-10 16:42:35,@Bethan1967 Maybe Pat &amp; Tony have asked her to babysit Henry &amp; Jack.  #TheArchers
2020-12-10 16:25:48,RT @DimitryRO: Jack Grealish when they ask him to explain that photo https://t.co/ji1sNQYk9U
2020-12-10 15:55:49,"Jack Henry &amp; Associates, Inc is hiring in #Charlotte, NC! Click the link in our bio to apply: iPay Call Center Representatives #IT"
2020-12-10 15:18:08,"Uhhh yeah it was. Man made 7 good picks in 38 selections. Not counting Luck, because anybody would‚Äôve done it. He d‚Ä¶ https://t.co/OaKP2mLua3"
2020-12-10 15:12:04,"Kenneth Branagh was nominated for Oscars for Henry V, Hamlet and My Week With Marilyn, directed Thor, Much Ado Abou‚Ä¶ https://t.co/OF06QSVlVZ"
2020-12-10 14:43:20,"RT @Amcharlie_J: @iamkingmonye Henry: That's it! I'm going with her!
Captain Jack Sparrow: You would leave me for some horologist in her kn‚Ä¶"
2020-12-10 14:27:18,@jsmith6792 @HarryReece Jack Grealish spotted with his favourite wrestler mark Henry #UTV
2020-12-10 14:26:51,@TudorsDynasty Jane simply because she was brief  reprieve from Henry‚Äôs murderous tendencies and rage . I believe h‚Ä¶ https://t.co/sNaExAhssr
2020-12-10 14:05:57,"Check out the 65 latest openings at CVS Health (@CVSHealthJobs), Jack Henry &amp; Associates, Inc (@JackHenryJobs), ULG (@ULG_Marine), and more."
2020-12-10 14:04:32,"RT @talkSPORT: üò≥ ‚ÄúJack Nicholson... maybe he didn‚Äôt like me but we didn‚Äôt get on!‚Äù

ü§£‚ÄúDiCaprio is the governor... he‚Äôs good looking too, it‚Ä¶"
2020-12-10 13:54:48,"@iamkingmonye Henry: That's it! I'm going with her!
Captain Jack Sparrow: You would leave me for some horologist in‚Ä¶ https://t.co/2ZQVZ9Voh3"
2020-12-10 13:54:11,"@Jack_Septic_Eye In my head I imagine that Henry Cavil would host the game awards as a big gamer himself, but he's‚Ä¶ https://t.co/vOXbzF3TUj"
2020-12-10 13:52:56,"@iamkingmonye Captain Jack Sparrow: Who are you?

Henry: My name is Henry Turner. Son of Will Turner and Elizabeth‚Ä¶ https://t.co/pZzHuCr6AY"
2020-12-10 13:35:11,"@henry_hedgeco Just in: jack grealish has calmed down, he thanks @henry_hedgeco for giving him the direction to do that"
2020-12-10 13:31:33,Oi jack grealish calm down lad
2020-12-10 13:00:24,RT @DimitryRO: Jack Grealish when they ask him to explain that photo https://t.co/ji1sNQYk9U
2020-12-10 12:55:22,"Looked up brothers names that go well and look what came up. Jack and Sean flows like Sam and Dean, other names tha‚Ä¶ https://t.co/CAEFSFQRUq"
2020-12-10 12:52:08,RT @tigerdude22: BREAKING: Jack Black will reportedly reprise his role as Nacho Libre in Spider-Man 3 https://t.co/zY7WmHNf6q
2020-12-10 11:13:24,"""In all the years I've been knowin' you and Hawk,"" Henry said, ""I haven't asked for jack squat."" ""Jack or squat has never been stated."""
2020-12-10 11:05:59,"December 10th

Nick Cave &amp; The Bad Seeds - Henry's Dream

Favourite tracks: Papa Won't Leave You, Henry; I Had a Dr‚Ä¶ https://t.co/xL8CpONLjh"
2020-12-10 10:38:05,"RT @AxelSavage4: I ask you:

""Shall we lie supinely on our backs hugging the delusive phantom of hope, as our enemies bind us hand and foot‚Ä¶"
2020-12-10 10:14:59,"Yes, it's all to do with strange first names like Henry (Ford) or Bill (Microsoft) or Jack (Twitter) or Steve (Appl‚Ä¶ https://t.co/nCbjOnSHV6"
2020-12-10 08:47:12,@joe_black1509 I see an article where they‚Äôre getting 2 million@for Jack Henry lmao
2020-12-10 08:32:27,"Henry Cejudo fires back at Jack Paul 
https://t.co/C9oKTOXZnq"
2020-12-10 08:01:57,RT @Josh__Barnes: Oliver Henry wants Jack to come to him when Collingwood next meets Geelong and he will bring the heat https://t.co/713HjN‚Ä¶
2020-12-10 07:33:46,Oliver Henry wants Jack to come to him when Collingwood next meets Geelong and he will bring the heat https://t.co/713HjNkyt5
2020-12-10 06:23:19,Bored with the whole Chad/Abby/Gwen/Jake/Kate/Jack/Jen story line @daysofourlives. LOVE the actors. They're all ama‚Ä¶ https://t.co/vXekL2FP1s
2020-12-10 05:56:07,"@JackPosobiec Jack, what?? Read Dickens (David Copperfield) or Henry James (Portrait of a Lady) or Graham Greene (T‚Ä¶ https://t.co/MIp2JNo5Id"
2020-12-10 05:36:03,"@DaveSchooner @BenitoWill CCM need to take chances on guys like that, low risk &amp; high rewards. If he didn't get hur‚Ä¶ https://t.co/i5uhDlRdaG"
2020-12-10 05:08:51,Just realized Twitter ‚Äûunfollowed‚Äú me from POTUS‚Äòs account without my consent. If that‚Äôs not evidence of blatant si‚Ä¶ https://t.co/MbS4CM0vT3
2020-12-10 04:51:35,"RT @vickiringer: I can promise that if Democrats were cheating in elections, we would not be stuck with Lindsey Graham, Henry McMaster or A‚Ä¶"
2020-12-10 04:22:28,RT @LisaBarlow7: Henry dancing with a producer on a break from Jack‚Äôs driving lesson. üòÇ‚ù§Ô∏è#RHOSLC https://t.co/iNrQLEwh53
2020-12-10 03:40:50,Nothing makes me happier than being Henry and Jack‚Äôs mom. #RHOSLC
2020-12-10 02:50:30,RT @TedNo5: The Reverend W Awdry‚Äôs Henry model when it gets found after years of being in a closet https://t.co/G5SDYZFHtn
2020-12-10 02:23:09,RT @sohvnlyy: Henry and Jack https://t.co/svC4CrFTgG
2020-12-10 02:00:00,"@DanielRPK I like him. Let's face it, we are getting this series because Warner Bros don't know jack shit on what t‚Ä¶ https://t.co/cmh00uJwzj"
2020-12-10 01:32:58,"@PenknifeBowers Right before Jack could even respond, a rock was thrown and it hit Henry‚Äôs head rather hard"
2020-12-10 01:29:24,"@ArtsyRxmanxv Henry went to Jack and sighed ""That kid never learns"""
2020-12-10 00:12:07,"For even more stats, check out Lee Wetherington in 'Strategy for the Next Abnormal' - found in the Jack Henry Digit‚Ä¶ https://t.co/oKqE6zTFXK"
2020-12-10 00:07:11,RT @JackHenryJobs: Jack Henry &amp; Associates provides more than 300 products and services that enable our customers to process financial tran‚Ä¶
2020-12-09 23:58:39,Jack and Ollie Henry. https://t.co/GNLYmKONEn
2020-12-09 23:51:39,Jack Henry &amp; Associates provides more than 300 products and services that enable our customers to process financial‚Ä¶ https://t.co/lD4kiPBpcG
2020-12-09 23:35:05,"@Thebatmanofbelf Christian Poulsen, Karl Henry, Bruno Cheyrou, Alberto Aquilani, Eric Djemba Djemba, Jack Rodwell,‚Ä¶ https://t.co/STkpKDWj22"
2020-12-09 23:32:13,"RT @the_resistor: @realDonaldTrump Hey @jack &amp; @TwitterSupport 

PLEASE SUSPEND This Account Immediately 

It is filled with LIES

ANYONE E‚Ä¶"
2020-12-09 23:02:54,"Ryan Lukow, Tamara Bowman, Jahnavi Dave, Jiajun Liu, Jack Bradecamp, Niveen Abdul-Mohsen, Rhiannon Staley, Henry Ch‚Ä¶ https://t.co/hS1hbCQUSE"
2020-12-09 23:00:51,"Don't submit then quit. Apply for jobs like ""Loan Application Support Analyst"" at Jack Henry &amp; Associates, Inc, the‚Ä¶ https://t.co/nBqclrx5mb"
2020-12-09 22:44:27,"RT @CollegeBallNat: Louisville was tied for first with4‚É£players in College Baseball Nation's 2021 MLB Draft College Top 50 üëÄ

4. Alex Binel‚Ä¶"
2020-12-09 21:58:23,"I used to work in a preschool and Jackson/Jack, Harry/Henry, Arthur, William, Theodore/Theo, Alexander, Olivia, Ame‚Ä¶ https://t.co/2BE0U5ClbF"
2020-12-09 21:51:33,"RT @PaulHover: Absolute disgraceful #BrentfordFC A great footballing side has turned into a unconfident, lack of identity and passion footb‚Ä¶"
2020-12-09 21:35:38,"@swiggs74u @Liz_Wheeler Strom Thurmond, John Connally, Mills E. Godwin Jr. Jophn Tower, Henry Hyde,Charles Pickerin‚Ä¶ https://t.co/E4d7BcRXsG"
2020-12-09 21:05:07,Henry and Jack https://t.co/svC4CrFTgG
2020-12-09 20:48:20,"RT @CollegeBallNat: Louisville was tied for first with4‚É£players in College Baseball Nation's 2021 MLB Draft College Top 50 üëÄ

4. Alex Binel‚Ä¶"
2020-12-09 20:08:55,"RT @CollegeBallNat: Louisville was tied for first with4‚É£players in College Baseball Nation's 2021 MLB Draft College Top 50 üëÄ

4. Alex Binel‚Ä¶"
2020-12-09 19:58:15,"Rockmount Ranch Wear. @RockmountRW

Fun, classic, rockabilly inspired clothing from a historic company founded by ‚Äú‚Ä¶ https://t.co/tviNgB80zy"
2020-12-09 19:39:57,Just posted a photo @ Henry House https://t.co/6LmY1XpFOt
2020-12-09 19:34:05,"Finally watching Dead Men Tell No Tales! I‚Äôm dying!! üòÇüòÇüòÇ 

Henry-‚ÄúI saw her ankles!‚Äù

Jack-‚ÄúWed have seen a lot mor‚Ä¶ https://t.co/i9IeIkJxEQ"
2020-12-09 19:27:00,@Chez_CRAFTY Thing is that pic is Henry when he went back for the final time.. and he was still better than this fraud
2020-12-09 19:16:26,"@ArtsyRxmanxv Henry walked home and once he got in he grabbed the beer and gave one to Jack

Patrick sniffled and l‚Ä¶ https://t.co/Sd5fWEl4jH"
2020-12-09 19:14:50,"RT @CollegeBallNat: Louisville was tied for first with4‚É£players in College Baseball Nation's 2021 MLB Draft College Top 50 üëÄ

4. Alex Binel‚Ä¶"
2020-12-09 19:11:02,"Louisville was tied for first with4‚É£players in College Baseball Nation's 2021 MLB Draft College Top 50 üëÄ

4. Alex B‚Ä¶ https://t.co/gdB57ci7Om"
2020-12-09 19:10:04,"@PenknifeBowers Robbie immediately grabbed Adrik and got him out of the room as doctors rushed in

Jack smirked, lo‚Ä¶ https://t.co/HV9Yfa5Rq3"
2020-12-09 19:06:04,"@PenknifeBowers Jack waved Henry over

Nikita kept screaming and thrashing around until he suddenly went limp, not‚Ä¶ https://t.co/GLIc7CmRqZ"
2020-12-09 18:49:56,jack kendud dsaf dayshigt freddy fazbendear fnaf purple guy ornage man tsngerine phone man phone guy gal woman pers‚Ä¶ https://t.co/x4fuN055YV
2020-12-09 18:43:00,@EngNorbridge Jack Beardsley @KingfisherY6  read Horrid Henry meets the queen tonight and gives ‚≠êÔ∏è‚≠êÔ∏è‚≠êÔ∏è‚≠êÔ∏èüòä
2020-12-09 18:18:06,RT @LisaBarlow7: Henry dancing with a producer on a break from Jack‚Äôs driving lesson. üòÇ‚ù§Ô∏è#RHOSLC https://t.co/iNrQLEwh53
2020-12-09 18:17:20,"RT @bjpenndotcom: Henry Cejudo fires back at Jack Paul 
https://t.co/kuM9jmJ9O3"
2020-12-09 18:13:09,"@tabi_henry Storm energy drink anaaaü§£
Jack even if the devil be president saf still we moveü§£ü§£ü§£"
2020-12-09 17:50:05,"@PenknifeBowers Once Dimitri was all alone, Jack grabbed Henry‚Äôs blade and snuck up on him"
2020-12-09 17:12:14,@FragileB0mb he had started to miss Henry just as much as he would miss Jack and he always enjoyed getting the same‚Ä¶ https://t.co/SVk51B6ALW
2020-12-09 17:00:11,@jack_rysagna @abarker_daniel @Henry_Martell99 ooooo baby look at us shine :)))))
2020-12-09 16:59:36,@nathanb7717 @abarker_daniel @Henry_Martell99 maybe the Papa Johns Trophy in a few years and if youre doing really‚Ä¶ https://t.co/fhMmBmbSdj
2020-12-09 16:58:52,Henry Rollins   Crazy Lover  Jack &amp; Janet Three's Company https://t.co/jRTyTgT0rm via @YouTube
2020-12-09 16:58:28,@jack_rysagna @abarker_daniel @Henry_Martell99 is that because we are going to be busy winning all the cups instead?
2020-12-09 16:57:03,@nathanb7717 @abarker_daniel @Henry_Martell99 you might not be adding any points after this season
2020-12-09 16:03:04,"@adlangford @VixenByNight72 @soapwikijohn @henry_jayshree Mal did have stories though. Jack's ""Blood Abbott"" story.‚Ä¶ https://t.co/a68sWU86g2"
2020-12-09 15:30:28,@ForeignYoubii @jacksettleman KING HENRY. I‚Äôm sorry jack I probably just gave you nightmares
2020-12-09 15:30:19,"@bjpenndotcom I am not a fan of Henry ""antics"" but I would LOVE to watch him destroy Jake... I mean Jack Paul!!!"
2020-12-09 15:24:23,"RT @bjpenndotcom: Henry Cejudo fires back at Jack Paul 
https://t.co/kuM9jmJ9O3"
2020-12-09 15:20:00,"Henry Cejudo fires back at Jack Paul 
https://t.co/kuM9jmJ9O3"
2020-12-09 14:48:05,"@KennyFarq Yawn.
Tell you what,  You, Gordon Brown, Henry Mcleish  and Jack McConnell can sit in a residents-associ‚Ä¶ https://t.co/uGp7GL3pBo"
2020-12-09 14:46:21,RT @LisaBarlow7: Henry dancing with a producer on a break from Jack‚Äôs driving lesson. üòÇ‚ù§Ô∏è#RHOSLC https://t.co/iNrQLEwh53
2020-12-09 14:09:14,"Don't submit then quit. Apply for jobs like ""Associate User Interface Software Engineer"" at Jack Henry &amp; Associates‚Ä¶ https://t.co/mlUlZMXZYd"
2020-12-09 14:04:26,RT @AaronHenkin: Gov Hogan‚Äôs team outlines a plan for distributing an initial batch of COVID-19 vaccine. Brandon Scott and Bill Henry are s‚Ä¶
2020-12-09 13:51:16,"RT @Sushishoes1: ""Briefing""

For hunting Henry Stickmin, Captain Hubert Galeforce gathers the best pilots from all forces. Quentin Alabaste‚Ä¶"
2020-12-09 13:41:02,"Good thing I checked! According to Henry Clavicle the third from Millwall it's not actually racist because he ""woul‚Ä¶ https://t.co/BtnOaT1OVe"
2020-12-09 13:23:59,"@melleegee Henry is Jack Henry's brother from Geelong.
Finn McCrae is Jack McCrae from dogs brother.
Poulter is the one that excites me"
2020-12-09 13:17:13,@MnogoNebitanLik @DzordzOrvel @BogOtac18 @tanja_henry I to jack pot  nula
2020-12-09 13:07:05,How to Trade: How to trade Jack Henry &amp; Associates $JKHY With Risk Controls https://t.co/AxnnoAxhjI Click for Detai‚Ä¶ https://t.co/VvzBMrhp3L
2020-12-09 12:59:58,"Happy 5th Birthday Jack Henry!  Always the life of the party, always full of energy and curiosity, always creating‚Ä¶ https://t.co/dfgfpSG2Qz"
2020-12-09 12:45:24,How to trade Jack Henry &amp; Associates $JKHY With Risk Controls https://t.co/FZMa8eQpZB https://t.co/sROjFnfi4z
2020-12-09 11:06:45,@jack_tosney No way I swear it was you !! Was it Luke? tbfffff that Henry VIII
2020-12-09 10:42:39,"Pies have drafted Jack Henry‚Äôs brother, Jack Macrae‚Äôs brother and unsuccessfully bid on Keidean Coleman‚Äôs brother h‚Ä¶ https://t.co/Wg4pyCvgqo"
2020-12-09 09:55:27,RT @ChrisDoerreESPN: Collingwood pick 17 = Oliver Henry. Younger and arguably more talented brother of Geelong's Jack Henry. Good athlete a‚Ä¶
2020-12-09 09:44:47,Collingwood pick 17 = Oliver Henry. Younger and arguably more talented brother of Geelong's Jack Henry. Good athlet‚Ä¶ https://t.co/AnlJYGVMUd
2020-12-09 09:44:32,is that jack henry‚Äôs brother
2020-12-09 09:03:43,"@justijann @Letter_to_Jack We saw Gary Neville, the late Maradona, Thierry Henry, Paul Scholes, Ole on the wheel. T‚Ä¶ https://t.co/H0o8N3kR92"
2020-12-09 08:05:43,RT @gublercafe: y do people hate henry/jack? they‚Äôre children???
2020-12-09 05:10:02,"@TheCryptoDog Stan Lee
Donald Fisher
Vera Wang
Gary Heavin
Robin Chase
Samuel L. Jackson
Sam Walton
Henry Ford
Jack‚Ä¶ https://t.co/bxEPH3smQb"
2020-12-09 05:06:40,"@ArtsyRxmanxv ""I'm sorry, Robbie! I have a guilty conscience now!"" Patrick cried

Henry looked at Jack in a rage an‚Ä¶ https://t.co/MZX2xLkjGb"
2020-12-09 04:26:50,"RT @NAHLHockey: Watch Now üé•: Check out the #NAHL Plays of the Week for November 30-December 6 as seen @MyHockeyTV, featuring:
5. Jack Ring,‚Ä¶"
2020-12-09 04:23:13,"@henryishere12 - first impression: you are the biggest perfect sweetie
- your nickname in my head: you will always‚Ä¶ https://t.co/j7K2qNA8Hv"
2020-12-09 04:17:52,@ArtsyRxmanxv Henry walked into the room and stayed back to let jack take over
2020-12-09 04:16:46,@PenknifeBowers Jack went back over to Henry with a sadistic smirk
2020-12-09 04:12:32,@ArtsyRxmanxv Patrick left the hospital to try and find his brother then Henry waved over Jack and smirked
2020-12-09 03:27:06,RT @AaronHenkin: Gov Hogan‚Äôs team outlines a plan for distributing an initial batch of COVID-19 vaccine. Brandon Scott and Bill Henry are s‚Ä¶
2020-12-09 03:10:42,"@PenknifeBowers ‚ÄúWe need to lead them away.. distract them somehow so we can get the fucker alone and vulnerable..‚Äù

Jack whispered to Henry"
2020-12-09 03:08:58,"@ArtsyRxmanxv Henry grinned then at the hospital Henry peeked in and went back to Jack then said ""He's still alive‚Ä¶ https://t.co/LaBcqN2pkl"
2020-12-09 03:08:56,RT @AaronHenkin: Gov Hogan‚Äôs team outlines a plan for distributing an initial batch of COVID-19 vaccine. Brandon Scott and Bill Henry are s‚Ä¶
2020-12-09 03:05:43,RT @rapdailytweets: Jack Harlow is really a menace to society for saying this shit üíÄ https://t.co/6sZ0qdW78Z
2020-12-09 02:46:14,"@ArtsyRxmanxv Henry got up from the couch and looked at Jack as he said ""Ya think that dumbass is dead?"""
2020-12-09 02:27:49,"@JackWebsterFdn Jack is rolling over in his grave.

The dead bodies keep piling up. Bonnie ""no plan"" Henry at the h‚Ä¶ https://t.co/yyC3MjKIZx"
2020-12-09 01:50:07,RT @TheLilWestern: Things brings up the very good point of why isn‚Äôt Henry afraid of snow instead of rain? It makes much more sense given h‚Ä¶
2020-12-09 01:34:24,"Through an exceptional service culture founded on integrity, trust and doing the right thing, we confidently lead o‚Ä¶ https://t.co/Z3flgR5zqb"
2020-12-09 01:11:44,"RT @joshfoxfilm: Activist and organizer @kai_newkirk on building progressive coalitions and moving forward.

Tune in TODAY for more on STAY‚Ä¶"
2020-12-09 00:55:03,"@ArtsyRxmanxv Patrick nodded and said ""We'll stay here with him. I don't want him being here alone"" He was worried‚Ä¶ https://t.co/8BTCpwlKzR"
2020-12-09 00:45:49,"RT @joshfoxfilm: Activist and organizer @kai_newkirk on building progressive coalitions and moving forward.

Tune in TODAY for more on STAY‚Ä¶"
2020-12-09 00:31:35,"‚ÄúUneasy lies the man that goes unvaccinated.‚Äù- Henry IV Pt. 2 Act 3, scene 1. Probably https://t.co/GejjrBkGel"
2020-12-09 00:17:06,Fidelity Bank and Trust signs core banking deal with Jack Henry https://t.co/uJlkhT8eiP
2020-12-09 00:13:34,"@geoffkeighley @Jack_Septic_Eye WOW! @Reggie, @TomHolland1996 and now Sean?! All that's missing now is Henry Cavill‚Ä¶ https://t.co/Z4zbTTjdjE"
2020-12-09 00:07:41,RT @rapdailytweets: Jack Harlow is really a menace to society for saying this shit üíÄ https://t.co/6sZ0qdW78Z
2020-12-09 00:03:20,my boy Jack Henry with a cool 26 last night in a narrow loss to Casady https://t.co/0FVyrm7ux2
2020-12-08 23:58:30,"RT @joshfoxfilm: Activist and organizer @kai_newkirk on building progressive coalitions and moving forward.

Tune in TODAY for more on STAY‚Ä¶"
2020-12-08 23:50:35,"@ArtsyRxmanxv Patrick gave him a pad and pen then he said ""Henry attacked Nikita and he and Jack burned him badly"" to Adrik"
2020-12-08 23:36:50,"üì£ New Podcast! ""December 8, 2020: Kai Newkirk, Jack Henry Robbins"" on @Spreaker https://t.co/aDUP1ODSqT"
2020-12-08 23:27:08,@_jack_poulson No disagreements here. Perry has been an important voice in favor of denuclearization (alongside not‚Ä¶ https://t.co/FjsQrUBiXY
2020-12-08 23:19:55,RT @TTTE_Unofficial: Donald/Douglas putting Gordon and Henry in their place. https://t.co/NE7Cyut2VW
2020-12-08 23:03:34,Gov Hogan‚Äôs team outlines a plan for distributing an initial batch of COVID-19 vaccine. Brandon Scott and Bill Henr‚Ä¶ https://t.co/fqTbmJ3Wem
2020-12-08 22:49:39,"@K_AmazingYen12 @jmontenegrop28 @robemartinez13 @karel47162952 KC Patrick Mahomes 
LAC Justin Herbert
LV Josh Jacob‚Ä¶ https://t.co/WGYMrNkM6e"
2020-12-08 22:40:27,RT @JackHenryJobs: Jack Henry &amp; Associates provides more than 300 products and services that enable our customers to process financial tran‚Ä¶
2020-12-08 22:31:36,"RT @joshfoxfilm: STAYING HOME With JOSH FOX  
4:30 PM EST @TheYoungTurks 

TODAY: Join me for an in depth conversation with progressive org‚Ä¶"
2020-12-08 22:29:58,"RT @joshfoxfilm: Activist and organizer @kai_newkirk on building progressive coalitions and moving forward.

Tune in TODAY for more on STAY‚Ä¶"
2020-12-08 22:29:46,"RT @joshfoxfilm: Jack Henry Robbins (@Aol_tweets)  on The Spot We Love, a new project highlighting the struggles of L.A. businesses during‚Ä¶"
2020-12-08 22:27:04,"Jack Henry &amp; Associates, Inc is hiring in #Allen, TX! Click the link in our bio to apply: Senior Business Intelligence Developer #IT"
2020-12-08 22:15:25,"@MrJackAlter Okay. Break down Jack Britton, Johnny Dundee, Henry Armstrong, Freddie Miller, Tommy Loughran, Ted Kid‚Ä¶ https://t.co/vfLPx7et8T"
2020-12-08 22:13:53,"RT @Severn_Studios: this scene, but instead of saying ""what cheek"" gordon calls henry a butt cheek https://t.co/9y9FJwOoLV"
2020-12-08 22:08:05,"The team of Donald Trump, Jack Gallagher, Mike Tyson and The Honky Tonk Man defeats The team of Mark Henry, Liv Mor‚Ä¶ https://t.co/rwrGUpfbBQ"
2020-12-08 22:07:33,@hogunsuyi1 @Letter_to_Jack @Richie45684732 @henry_honcho He go be üò§
2020-12-08 21:55:22,@henry_hill94 someone check Nordi Mukiele‚Äôs pulse. That was close.
2020-12-08 21:41:50,"RT @joshfoxfilm: Jack Henry Robbins (@Aol_tweets)  on The Spot We Love, a new project highlighting the struggles of L.A. businesses during‚Ä¶"
2020-12-08 21:40:21,"RT @eleanordx: My family‚Äôs life has been ruined and the scum that killed Jack only has to serve 22 years, it‚Äôs a joke. The other three will‚Ä¶"
2020-12-08 21:38:17,"Jack Henry Robbins (@Aol_tweets)  on The Spot We Love, a new project highlighting the struggles of L.A. businesses‚Ä¶ https://t.co/9p4TQEEepu"
2020-12-08 21:35:24,"RT @joshfoxfilm: Activist and organizer @kai_newkirk on building progressive coalitions and moving forward.

Tune in TODAY for more on STAY‚Ä¶"
2020-12-08 21:35:10,"RT @TheYoungTurks: Staying Home with @joshfoxfilm: An in depth conversation with progressive organizer, activist and author @kai_newkirk!‚Ä¶"
2020-12-08 21:35:06,"RT @TheYoungTurks: Staying Home with @joshfoxfilm: An in depth conversation with progressive organizer, activist and author @kai_newkirk!‚Ä¶"
2020-12-08 21:33:10,"RT @joshfoxfilm: Activist and organizer @kai_newkirk on building progressive coalitions and moving forward.

Tune in TODAY for more on STAY‚Ä¶"
2020-12-08 21:32:16,"Activist and organizer @kai_newkirk on building progressive coalitions and moving forward.

Tune in TODAY for more‚Ä¶ https://t.co/LUdRLaXc7k"
2020-12-08 21:23:18,"RT @TheYoungTurks: Staying Home with @joshfoxfilm: An in depth conversation with progressive organizer, activist and author @kai_newkirk!‚Ä¶"
2020-12-08 21:21:49,"RT @NAHLHockey: Watch Now üé•: Check out the #NAHL Plays of the Week for November 30-December 6 as seen @MyHockeyTV, featuring:
5. Jack Ring,‚Ä¶"
2020-12-08 21:20:00,"Staying Home with @joshfoxfilm: An in depth conversation with progressive organizer, activist and author‚Ä¶ https://t.co/QN20GbIMKx"
2020-12-08 21:18:39,"RT @NAHLHockey: Watch Now üé•: Check out the #NAHL Plays of the Week for November 30-December 6 as seen @MyHockeyTV, featuring:
5. Jack Ring,‚Ä¶"
2020-12-08 21:15:12,"the only celebs off the top of my head i can think of that should ever be at the game awards is Xavier Woods, Brie‚Ä¶ https://t.co/VcQRsnfMNN"
2020-12-08 21:02:11,Jack Henry &amp; Associates provides more than 300 products and services that enable our customers to process financial‚Ä¶ https://t.co/QW3sZt2ysn
2020-12-08 20:42:29,"RT @NAHLHockey: Watch Now üé•: Check out the #NAHL Plays of the Week for November 30-December 6 as seen @MyHockeyTV, featuring:
5. Jack Ring,‚Ä¶"
2020-12-08 20:36:06,"RT @NAHLHockey: Watch Now üé•: Check out the #NAHL Plays of the Week for November 30-December 6 as seen @MyHockeyTV, featuring:
5. Jack Ring,‚Ä¶"
2020-12-08 20:35:40,@jack_kineke So close yet so far for Brugge üíî
2020-12-08 20:35:12,"RT @NAHLHockey: Watch Now üé•: Check out the #NAHL Plays of the Week for November 30-December 6 as seen @MyHockeyTV, featuring:
5. Jack Ring,‚Ä¶"
2020-12-08 20:21:57,"RT @NAHLHockey: Watch Now üé•: Check out the #NAHL Plays of the Week for November 30-December 6 as seen @MyHockeyTV, featuring:
5. Jack Ring,‚Ä¶"
2020-12-08 20:20:00,@henry_hill94 @DougieCritchley it seems like any pass Leipzig play is a knife through Manchester‚Äôs line of defenses
2020-12-08 20:14:43,"See our latest #SanDiego, CA #IT job opportunity and click the link in our bio to apply: Lead Software Engineer- Te‚Ä¶ https://t.co/zi96x1f0P8"
2020-12-08 20:05:52,"RT @JonRothstein: Aaron Henry's all-around game deserves more attention. 11.6 PPG, 6.2 RPG, 5.2 APG, 1.8 SPG, 2.0 BPG. Leading Michigan Sta‚Ä¶"
2020-12-08 20:02:56,"RT @joshfoxfilm: STAYING HOME With JOSH FOX  
4:30 PM EST @TheYoungTurks 

TODAY: Join me for an in depth conversation with progressive org‚Ä¶"
2020-12-08 20:00:12,"RT @joshfoxfilm: STAYING HOME With JOSH FOX  
4:30 PM EST @TheYoungTurks 

TODAY: Join me for an in depth conversation with progressive org‚Ä¶"
2020-12-08 19:59:24,@medicblows SAME BUT HENRY IS BETTER THAN THE REST OF THEMüò≠ JACK IS THE WORST
2020-12-08 19:59:04,We've had a swap. Jack now has possession of the chair and #Henry is in the cubby. This is what happens when you ge‚Ä¶ https://t.co/rZd38hHMNJ
2020-12-08 19:37:03,y do people hate henry/jack? they‚Äôre children???
2020-12-08 19:33:00,"@Brad_Snape Not doubting he‚Äôs good, he‚Äôs wonderful as a centre back. But those players you‚Äôve just mentioned don‚Äôt‚Ä¶ https://t.co/synOXuqQNW"
2020-12-08 19:29:12,"At the other end of the spectrum: Jack in his forties, working in the shed behind their huge house. I do not care a‚Ä¶ https://t.co/w1SGNkXgpb"
2020-12-08 19:27:15,"Watch Now üé•: Check out the #NAHL Plays of the Week for November 30-December 6 as seen @MyHockeyTV, featuring:
5. Ja‚Ä¶ https://t.co/iQtyF06Aqk"
2020-12-08 19:27:05,"RT @TTTE_Unofficial: The deleted ending to Edward's Exploit, with Henry in the sheds instead of James: https://t.co/f092BUL0q5"
2020-12-08 19:19:32,"Somehow found this gif of baby Henry Cavill in Hellraiser and...... hello young, anxious Jack Zimmermann in a messe‚Ä¶ https://t.co/TcMR6ORBUn"
2020-12-08 19:08:19,"@LUVVTADASHI hotch is really confused until jack joins the world and helps his dad, henry joins too and reid morgan‚Ä¶ https://t.co/Bdiib1Sawd"
2020-12-08 19:06:27,"The men I love more than Marco Ilso:

1. Andrew Glass
2. Thomas Delonge 
3. Peter DeLuise
4. Jack Black
5. B-Man
6.‚Ä¶ https://t.co/74tGzaGmgc"
2020-12-08 18:49:12,@EngNorbridge Jack Beardsley @KingfisherY6  read chapter 4 Horrid Henry‚Äôs Computer tonight and gives it ‚≠êÔ∏è‚≠êÔ∏è‚≠êÔ∏è‚ò∫Ô∏è
2020-12-08 18:39:11,@henry_hill94 the heavens üåß really opening after the red card in Lazio
2020-12-08 18:22:41,"RT @joshfoxfilm: STAYING HOME With JOSH FOX  
4:30 PM EST @TheYoungTurks 

TODAY: Join me for an in depth conversation with progressive org‚Ä¶"
2020-12-08 18:19:20,"RT @joshfoxfilm: STAYING HOME With JOSH FOX  
4:30 PM EST @TheYoungTurks 

TODAY: Join me for an in depth conversation with progressive org‚Ä¶"
2020-12-08 18:15:30,"@ArabArchiveDUFC Met him at his House in Kinross years ago top guy, had a signed Henry shirt in his hall think he g‚Ä¶ https://t.co/d9OH8OPFn9"
2020-12-08 18:01:25,FINBOA Integrates with Jack Henry's NetTeller¬Æ Online Banking‚Ñ¢ System and the Banno Digital Platform‚Ñ¢ -‚Ä¶ https://t.co/MPdXcfNcha
2020-12-08 18:00:13,Jack Henry &amp; Associates provides more than 300 products and services that enable our customers to process financial‚Ä¶ https://t.co/0rjjx7Nt16
2020-12-08 17:56:26,"@henry_liston_ with The Football Phone-in from 6 

On tonight‚Äôs show: 

‚Ä¢Do Wolves need to sign a striker? 
‚Ä¢How mu‚Ä¶ https://t.co/Gc272mfh3k"
2020-12-08 17:53:21,@gabrielreef14 @NoContextHumans @_joshsykes @Henry_C2019 HOW THE FUCK
2020-12-08 17:52:49,@NoContextHumans Unit @needler_jack @_joshsykes @Henry_C2019
2020-12-08 17:41:32,"STAYING HOME With JOSH FOX  
4:30 PM EST @TheYoungTurks 

TODAY: Join me for an in depth conversation with progress‚Ä¶ https://t.co/7wDVqlhadt"
2020-12-08 17:34:36,I am very fortunate &amp; grateful to have learned the ropes of Baltimore City Gov under the wings of Jack Young.  He‚Äôs‚Ä¶ https://t.co/sZILX7aTkR
2020-12-08 17:19:47,"@PenknifeBowers Jack gave Niki one more hard punch in the gut before getting up, going over to Henry"
2020-12-08 17:07:53,"@ArtsyRxmanxv Henry covered his face as he fell then he growled ""Get him, Jack! Never mind your nuts just get him!"""
2020-12-08 16:40:11,@ArtsyRxmanxv Henry reached into his pocket and brought out his lighter and lit it before putting the flame close t‚Ä¶ https://t.co/PgKjXdtKsL
2020-12-08 16:31:54,Jack Henry &amp; Associates offer the proven technology and unmatched support to transform our customers‚Äô businesses an‚Ä¶ https://t.co/dYgfw8L7bX
2020-12-08 16:25:23,"@ArtsyRxmanxv ""Get him, Jack!"" Henry cheered as he watched his brother with glee"
2020-12-08 16:22:52,"@PenknifeBowers Nikita was about to punch Henry for the speaking English comment, but he was suddenly grabbed and s‚Ä¶ https://t.co/HJfwMCProz"
2020-12-08 16:11:51,"Jack Henry and Associates, Inc. is looking for a remote iPay Call Center Representatives #workathome #remotework‚Ä¶ https://t.co/bdmd0pWIaR"
2020-12-08 16:08:26,"@ArtsyRxmanxv ""I wouldn't say that too loud"" Henry smirked at Jack"
2020-12-08 15:58:13,"I once got a arrested for trespassing without the owner's consent and then there is Bill Gates, Dr Tedros, George S‚Ä¶ https://t.co/KHlwi8NqAi"
2020-12-08 15:53:33,FINBOA Integrates with Jack Henry's NetTeller¬Æ Online Banking‚Ñ¢ System and the Banno Digital Platform‚Ñ¢ - Business Wi‚Ä¶ https://t.co/3V4kPZN1d8
2020-12-08 15:14:30,"RT @PurelyFootball: Michael Ballack-

 ‚ÄúVirgil Van Dijk is very lucky to play in an era where there is no Drogba, Lampard, Alan Shearer, He‚Ä¶"
2020-12-08 15:01:00,@geoffkeighley @Jack_Septic_Eye Call to the Henry Cavil
2020-12-08 14:52:27,"Finboa integrates with Jack Henry NetTeller and Banno
#fintech
https://t.co/w8djfNaesT
https://t.co/R5wqIuMmOM"
2020-12-08 14:49:50,Finboa integrates with Jack Henry NetTeller and Banno #Digital https://t.co/3Tk8UXB203
2020-12-08 14:43:46,Finboa integrates with Jack Henry NetTeller and Bannohttps://www.trademoneta.com/finboa-integrates-with-jack-henry-‚Ä¶ https://t.co/BpqxCibR3O
2020-12-08 14:36:25,Company announcement: Finboa integrates with Jack Henry NetTeller and Banno https://t.co/ejjxps0NKp #fintech
2020-12-08 14:20:30,"zed and strong bad would be calling eachother slurs, henry and jack would be in the corner like ‚Äúwhats happening wh‚Ä¶ https://t.co/vqEz7Ffg40"
2020-12-08 13:56:51,"@ColmDore Great landscape painters Paul Henry, John Lavery, Charles McAuley, Colin Middleton all from north. Willia‚Ä¶ https://t.co/xb5B1rg0xt"
2020-12-08 13:17:49,"We're hiring! Click to apply: Technical Support Engineering Manager - https://t.co/7Oj3lbf3Cd #IT #Elizabethtown, KY"
2020-12-08 12:43:27,@CreateAStirSA @OneDayOnlycoza Yeeess! Enjoy it honey. Give Henry and Jack kisses!
2020-12-08 12:36:41,"""Briefing""

For hunting Henry Stickmin, Captain Hubert Galeforce gathers the best pilots from all forces. Quentin A‚Ä¶ https://t.co/tA6FNmLX5a"
2020-12-08 12:31:15,"My talented team of @TheNFER economists have been publishing some super research reports this week:

- @JuliusJenna‚Ä¶ https://t.co/GlBedwth7I"
2020-12-08 11:51:03,henry is adorable and I love him but my heart melts for tiny jack https://t.co/VBkkMUOdI4
2020-12-08 11:46:34,"@BloxhamSchool production ‚ÄòMusical Revue‚Äô, with a wide range of songs from award-winning musicals, starred Housians‚Ä¶ https://t.co/D8BOMnxaxV"
2020-12-08 11:25:31,"Jack Henry &amp; Associates: Premium Company, Premium Valuation https://t.co/PGQzYiQEhU #dividends #dividendstocks #dividendinvesting"
2020-12-08 10:45:21,"@Saint_Vespaluus Kinell! On advice from our GCSE Art teacher, me &amp; my mate did a life drawing class in the college‚Ä¶ https://t.co/QOuw5HdjG0"
2020-12-08 10:13:05,"Imagine a thousand more such daily intrusions in your life, every hour and minute of every day, and you can grasp t‚Ä¶ https://t.co/s0467YCXkf"
2020-12-08 10:12:03,"RT @OnePerfectShot: LOST (2005)

Cinematography by Michael Bonvillain
Directed by Jack Bender
From the episode ""Man of Science, Man of Fait‚Ä¶"
2020-12-08 09:28:29,HSHSJSJSJA henry. the idea of jack is cool but no matter who they got to play him he Sucked https://t.co/cO0hGpXM96
2020-12-08 08:24:22,"@JackTheDripper6 My guy Jack Henry
He‚Äôs already taken
And he‚Äôs craaaacckked at Fortnite my guy üòéüíØüåä"
2020-12-08 08:14:57,jack sorry henry PLSS https://t.co/JeLl9K0hyo
2020-12-08 07:57:04,"RT @CynicOnRails: It‚Äôs amazing how much a change in eyebrows can change a facial expression

The one on the left makes Henry look happy, we‚Ä¶"
2020-12-08 07:04:17,Not saying Henry would have. But there definitely would have been a debate about VAR needed had there not been VAR‚Ä¶ https://t.co/wwSiqqI3nU
2020-12-08 06:08:28,"$JKHY - Jack Henry &amp; Associates: Premium Company, Premium Valuation. https://t.co/DgUrP1lwxX #trading #investing #economy"
2020-12-08 06:05:22,"RT @hussainhalsayed: If you think you can do a thing or think you can't do a thing, you're right. 

Henry Ford

#Jack_Welch #Leadership #Qu‚Ä¶"
2020-12-08 06:00:23,"If you think you can do a thing or think you can't do a thing, you're right. 

Henry Ford

#Jack_Welch #Leadership‚Ä¶ https://t.co/w4dyL2oPj6"
2020-12-08 05:48:47,"@RocktagonBoss  I will be a Digital Patton if you want me to be.  few other Generals come to mind.
Black Jack Persh‚Ä¶ https://t.co/m1UleOdkHp"
2020-12-08 03:30:11,"@Violence_inc1 @HolyKshitt @CalvinZod @tyrezembongwa @Letter_to_Jack @TK_the_Pirate Before last season, Henry had b‚Ä¶ https://t.co/cWb8KxT4Y5"
2020-12-08 00:31:14,@Henry__Crown The Jack Sarfatti Mystery Robot Phone Call Viral Marketing Pump
2020-12-08 00:22:16,HENRY I HATE JACK https://t.co/HriVmKmPjC
2020-12-08 00:03:42,"@WatUpDanger ((Jack Davidson: Annapolis grad; former Navy Seal, CIA paramilitary, and SHIELD operative; unofficial‚Ä¶ https://t.co/liRZFGVYfJ"
2020-12-07 23:33:36,"RT @OnePerfectShot: LOST (2005)

Cinematography by Michael Bonvillain
Directed by Jack Bender
From the episode ""Man of Science, Man of Fait‚Ä¶"
2020-12-07 22:16:01,RT @DFisman: @DrKevinSchwartz Really surprised to see Bonnie Henry push back against rapid testing.  She‚Äôs a gifted communicator and a frie‚Ä¶
2020-12-07 22:10:35,RT @natmolyneaux: @EngNorbridge Jack Beardsley @KingfisherY6  tonight he as read Horrid Henry‚Äôs Dance Class and gives it ‚≠êÔ∏è‚≠êÔ∏è‚≠êÔ∏è‚≠êÔ∏è ‚ò∫Ô∏è
2020-12-07 21:51:01,grr i honestly can‚Äôt pick between them i think i‚Äôm more attached to henry though (sorry jack) https://t.co/J0OEphV0QO
2020-12-07 21:42:15,@MammaTort @coomeringue @Slippery_Jack That's Henry....
2020-12-07 21:35:08,jack bc i haven‚Äôt seen henry on screen as much https://t.co/dbEe6p60j9
2020-12-07 20:49:09,henry idk jack ticks me off https://t.co/T5y1mDvT0f
2020-12-07 20:43:50,jack because henry isn‚Äôt real #henryisfake20220 #jjandwillareacoverupforjemily #jemily #fuckwillandhiacountryacceny‚Ä¶ https://t.co/6JSNOTEyKo
2020-12-07 20:39:11,henry or jack?
2020-12-07 20:37:08,"@WatUpDanger ((Jack Davidson: Annapolis grad; former Navy Seal, CIA paramilitary, and SHIELD operative; unofficial‚Ä¶ https://t.co/o4tuOGlSw8"
2020-12-07 20:33:57,@itin_jack When Lenny Henry fucks off and leaves you you know you must be fucked
2020-12-07 19:37:47,@EngNorbridge Jack Beardsley @KingfisherY6  tonight he as read Horrid Henry‚Äôs Dance Class and gives it ‚≠êÔ∏è‚≠êÔ∏è‚≠êÔ∏è‚≠êÔ∏è ‚ò∫Ô∏è
2020-12-07 19:05:54,"RT @ElaineWharton1: Who‚Äôs taken Jack and Henry on the litter pick?
Chances are it wasn‚Äôt Helen üôÑ #TheArchers"
2020-12-07 19:05:42,"Is Helen litter picking? Just Pat, Henry and Jack then #TheArchers"
2020-12-07 19:05:24,"Who‚Äôs taken Jack and Henry on the litter pick?
Chances are it wasn‚Äôt Helen üôÑ #TheArchers"
2020-12-07 18:56:03,"Starting 5: 
Jack 
James (c) ü•∞
Henry
Lewis
Jacob

Bench: 
Lloyd 

#HucciGang"
2020-12-07 18:52:55,sooo is anyone elses water in saint clair BROWN or do i have to have a stern talking to to jack and henry???
2020-12-07 18:24:28,We are excited to announce that Henry Godzik is the recipient of the 2020 Jack Henshaw Award! Henry in an experienc‚Ä¶ https://t.co/jpM7SKyaze
2020-12-07 18:24:00,"RT @Otumfour_233: AYAWASO WEST WUOGON 
Corner corner polling station 

MAA LYDIA NPP  -  498
JOHN DUMELO NDC - 22

Ayawaso west 
Jack and j‚Ä¶"
2020-12-07 18:21:01,"RT @JackHenryJobs: Want to work in #SanDiego, CA? View our latest opening: https://t.co/MtfH7L0zUT #IT"
2020-12-07 18:19:14,"@ArtsyRxmanxv Henry said ""He would kill us"" then he looked at Jack"
2020-12-07 18:16:57,"Want to work in #SanDiego, CA? View our latest opening: https://t.co/MtfH7L0zUT #IT"
2020-12-07 18:16:00,800 financial institutions migrate to Jack Henry &amp; Associates‚Äô card processing platform. The latest from‚Ä¶ https://t.co/Su86IY82Ci
2020-12-07 18:09:03,@ArtsyRxmanxv Patrick was slumped against the wall then Henry ran in hearing the commotion then when he saw Patrick‚Ä¶ https://t.co/TSvFXmg7bD
2020-12-07 17:13:24,"""In all the years I've been knowin' you and Hawk,"" Henry said, ""I haven't asked for jack squat."" ""Jack or squat has never been stated."""
2020-12-07 16:40:24,@10903 @club_ed8 @lissasno1fan @MarthaW19860146 @KennRWeeks @klj998866 @Katheri73214366 @RockwaterReport‚Ä¶ https://t.co/jD5eI1w4Qd
2020-12-07 16:29:55,@jack_saundrs Lol - sounds about right. Given the difficulty of the chance my level of surprise that Son took it wa‚Ä¶ https://t.co/OmVHOkaQq2
2020-12-07 14:29:02,@campbellru24 @Knatolee Baby Jack is adorable and gets along with Henry so well. Welcome home forever again Baby Jack.
2020-12-07 14:21:15,"@M_ftw_Henry @ksorbs ""A well regulated Militia, being necessary to the security of a free State, the right of the p‚Ä¶ https://t.co/yjv30TFh0e"
2020-12-07 13:37:56,"@gayowyn Alice series but Christina Henry (dark retelling of Alice in Wonderland), The Last Days of Jack Sparks by‚Ä¶ https://t.co/LBC8CCBwNq"
2020-12-07 11:18:23,"Jack Henry initiated with a Neutral at Credit Suisse
$JKHY"
2020-12-07 09:31:45,"RT @remote_dev_jobs: Lead Software Engineer at Jack Henry &amp; Associates, Inc.¬Æ #Application #Backend #C# #Database #Design #Education #ETL #‚Ä¶"
2020-12-07 06:59:55,"RT @HomersRadio: ALL-REGION 1ST TEAM DEFENSE
DB Javius Taylor
DB Caden Revelette
DB Sebastain Fredell 
DB Darian Clay
LB Andrew Munster
LB‚Ä¶"
2020-12-07 06:44:56,this bitch who i got my 2nd haunted doll from LIED!! she said Henry was an introvert but hes been here one whole da‚Ä¶ https://t.co/YA2eI3xm2H
2020-12-07 05:51:43,"RT @OnePerfectShot: LOST (2005)

Cinematography by Michael Bonvillain
Directed by Jack Bender
From the episode ""Man of Science, Man of Fait‚Ä¶"
2020-12-07 04:29:29,"RT @OnePerfectShot: LOST (2005)

Cinematography by Michael Bonvillain
Directed by Jack Bender
From the episode ""Man of Science, Man of Fait‚Ä¶"
2020-12-07 03:06:04,@LightItUpPat Nikita looked at Patrick with a growl and Jack immediately pulled Henry towards the door
2020-12-07 03:02:39,@LightItUpPat Nikita was already forcing both Jack and Henry into an inescapable corner while growling hungrily. Ja‚Ä¶ https://t.co/Nbj68XPtI8
2020-12-07 03:00:29,@ArtsyRxmanxv Patrick got up and ran to the kitchen then he came back and held up a raw steak as he nodded to Jack to get Henry out
2020-12-07 02:58:25,"@LightItUpPat ‚ÄúHenry I don‚Äôt think he‚Äôs in protective mode..‚Äù

Jack said. Nikita wasn‚Äôt acting protective.. he was‚Ä¶ https://t.co/hJQI9q0Tnt"
2020-12-07 02:35:16,"@ArtsyRxmanxv Patrick flipped him off then Henry said ""What's so funny, Jack?"""
2020-12-07 02:20:20,"RT @HomersRadio: ALL-REGION 1ST TEAM DEFENSE
DB Javius Taylor
DB Caden Revelette
DB Sebastain Fredell 
DB Darian Clay
LB Andrew Munster
LB‚Ä¶"
2020-12-07 02:12:21,"@NewGenMarvel ((Jack Davidson: Annapolis grad; former Navy Seal, CIA paramilitary, and SHIELD operative; unofficial‚Ä¶ https://t.co/Mg5k42MPAQ"
2020-12-07 01:53:16,"Lead Software Engineer at Jack Henry &amp; Associates, Inc.¬Æ #Application #Backend #C# #Database #Design #Education‚Ä¶ https://t.co/DwfHGvv0zX"
2020-12-07 01:22:18,@Jack_Ftbl Going for the Henry record üëÄ
2020-12-07 01:11:24,RT @SirYacht: After today it is confirmed that Nick Chubb is better than Derrick Henry
2020-12-07 00:41:16,@Jack_R_Williams @GeorgePeretzQC @faisalislam It should be remembered that Henry VIII only ruled the southern part of the island
2020-12-06 23:41:55,RT @bykevinclark: Darren Waller and Henry Ruggs today in about 40 minutes did more for the Jets franchise than Adam Gase did in two years.
2020-12-06 23:41:43,"RT @NYDNSports: Derek Carr hit Henry Ruggs for a 46-yard TD with six seconds left, giving the Raiders a 31-28 win at MetLife Stadium. The J‚Ä¶"
2020-12-06 23:38:54,"SURVIVOR SERIES: The team of Darren Young, AJ Lee, Lita, Jack Gallagher and Ron Simmons defeats The team of Brad M‚Ä¶ https://t.co/nt5kpLFKPQ"
2020-12-06 23:13:25,"""In all the years I've been knowin' you and Hawk,"" Henry said, ""I haven't asked for jack squat."" ""Jack or squat has never been stated."""
2020-12-06 22:53:49,"ALL-REGION 1ST TEAM DEFENSE
DB Javius Taylor
DB Caden Revelette
DB Sebastain Fredell 
DB Darian Clay
LB Andrew Muns‚Ä¶ https://t.co/HFQ3thEyrB"
2020-12-06 22:47:23,"RT @Neal_Freyman: Top 30 S&amp;P stocks over the past 30 years:

1. Amazon
2. Monster Bev.
3. Jack Henry &amp; Assoc. (IT)
4. Cerner
5. Best Buy
6.‚Ä¶"
2020-12-06 22:22:45,@GeorgePeretzQC @faisalislam Time for a challenge on the purported use of such powers? If they are Henry VIII power‚Ä¶ https://t.co/htIaQ1P8X1
2020-12-06 22:11:25,"Jack Henry &amp; Associates, Inc is looking for teammates like you. See our latest #IT job openings, including ""Lead So‚Ä¶ https://t.co/wBIbYgvJoU"
2020-12-06 21:48:45,"@thinunstablebby his name was originally ginger jack but he responds more when i call him ""handsome"" and ""henry"" so‚Ä¶ https://t.co/xtd5cGSQeS"
2020-12-06 21:20:26,RT @Connor_J_Hughes: I‚Äôm still stunned. The #Raiders had no timeouts &amp; 13 seconds left. An all-out blitz on 3rd &amp; 10 leaving your undrafted‚Ä¶
2020-12-06 21:11:44,"RT @Raiders: HENRY RUGGS FOR THE GO-AHEAD TD!!!!

#LVvsNYJ | CBS https://t.co/82kLmV1e5a"
2020-12-06 20:43:54,@stephiesmallls i have derick henry in and hines and jarvis landry
2020-12-06 20:33:17,@EngNorbridge Jack Beardsley @KingfisherY6  has read chapter 2 Horrid Henry‚Äôs School Fair... he‚Äôs really enjoyed th‚Ä¶ https://t.co/r99VkICFx7
2020-12-06 20:31:17,"long list of players i hate this week:

devontae booker: for not doing shit after me picking him up

aj brown: for‚Ä¶ https://t.co/y7sGZZGGjQ"
2020-12-06 20:14:07,@gullixo Und Henry Fonda als Jack Beauregard
2020-12-06 20:11:38,@ManningsForehe2 @jwyattsports @Titans @Browns @Jack_Conklin78 No one stops Henry And even if they slow him we have‚Ä¶ https://t.co/D1FSnmOqTN
2020-12-06 20:07:11,@DragonMom98 @Jack_WanderS @BillsFanSuzanne @SandiMarie79 @rtadter @rjflesher @timdonovan560 @G_Ray34 @KurtGregory1‚Ä¶ https://t.co/DjMz4HoDML
2020-12-06 20:04:48,@GrandMasterRunk @jwyattsports @Titans @Browns @Jack_Conklin78 Did anyone actually expect the shitty Titans to be a‚Ä¶ https://t.co/ilxALPzaWB
2020-12-06 19:59:43,"Interested in a job in #Allen, TX? This could be a great fit: https://t.co/mtP9BTvMvD #IT"
2020-12-06 19:12:14,Olivia with Henry Fonda and Jack Carson in THE MALE ANIMAL (1942). https://t.co/xWdZSxqZbN
2020-12-06 18:58:07,@SandiMarie79 @fivesixer @rtadter @BillsFanSuzanne @rjflesher @timdonovan560 @Jack_WanderS @G_Ray34 @KurtGregory1‚Ä¶ https://t.co/GwzHH0K9Cq
2020-12-06 18:49:10,"Can you recommend anyone for this #Database job in #Lombard, IL? Click the link in our bio to see it and more. Unit‚Ä¶ https://t.co/2hPUjzAJYo"
2020-12-06 18:39:39,"@SpursOfficial ‚ÄúIt‚Äôs Partey Time‚Äù‚Ä¶‚Ä¶ Ian Wright, Arsene Wenger, Dennis Bergkamp, Pierre Emerick Aubameyang, Thierry‚Ä¶ https://t.co/igUZdaBJML"
2020-12-06 18:29:46,@wifeinspace Absolutely. I didn't hate it (altgough a Spitting Image Jack would've been preferable to Henry Thomas)‚Ä¶ https://t.co/1hmnDoLKRo
2020-12-06 18:05:54,"@Dark_Fxte ((Jack Davidson: Annapolis grad; former Navy Seal; Supe program test subject; member of The Seven, known‚Ä¶ https://t.co/64IEa4nKwm"
2020-12-06 17:49:52,@liveocgirl Not that henry can't just not as likely
2020-12-06 17:48:07,@DragonMom98 @timdonovan560 @SandiMarie79 @BillsFanSuzanne @Jack_WanderS @G_Ray34 @rtadter @KurtGregory1‚Ä¶ https://t.co/GtXOVITHn1
2020-12-06 17:15:25,"RT @kapsi1911: 30 days from today, Kappa Alpha Psi will celebrate its 110th Anniversary. Five of the Kappa Alpha Psi Founders (l. to r.) Gu‚Ä¶"
2020-12-06 17:14:02,Is Lacazette trying to fool Arsenal fans he‚Äôs Henry with this look?
2020-12-06 16:47:01,All I want to know is who the f- is Jack Henry? https://t.co/uxklQbKKx2
2020-12-06 16:34:23,"Of ALL time?

Marlon Brando
Jimmy Stewart 
Henry Fonda
Jack Nicholson
Denzel Washington https://t.co/4jnHsZ6ZkF"
2020-12-06 16:08:45,@jack_kineke @DougieCritchley Certainly one to consider ü§î
2020-12-06 16:06:26,"Cringe Business Leaders:  Jeff Bezos, Bill Gates, Mark Zuckerberg, Jack Dorsey

Chad Business Leaders:  Donald Trump, Henry Ford"
2020-12-06 15:36:57,"Tralfaz: Jack and Hank. Just how do you play music with Henry Mancini? Ask Jack Benny. But first, a trip to London.‚Ä¶ https://t.co/VRNogG7FhN"
2020-12-06 15:12:44,@DougieCritchley @henry_hill94 interesting question for future continental club üòÇ https://t.co/IoZ53E1WHa
2020-12-06 14:42:41,@HolyKshitt @CalvinZod @tyrezembongwa @Letter_to_Jack @TK_the_Pirate Messi literally broke Henry's records for 20Go‚Ä¶ https://t.co/dBeNLl9YzK
2020-12-06 14:11:52,"RT @OnePerfectShot: LOST (2005)

Cinematography by Michael Bonvillain
Directed by Jack Bender
From the episode ""Man of Science, Man of Fait‚Ä¶"
2020-12-06 14:00:04,"Imagine a thousand more such daily intrusions in your life, every hour and minute of every day, and you can grasp t‚Ä¶ https://t.co/os1H3JROmo"
2020-12-06 13:38:26,Oh no! ‚ÄúNew research suggests orders from King Henry III could have led to Hood's beheading and subsequently being‚Ä¶ https://t.co/C6GxFCLl0m
2020-12-06 13:14:53,"Having completed their Rugby Ready RFU course, it was fantastic to see the U16s help out with the U9s coaching this‚Ä¶ https://t.co/XZtxrUsyUT"
2020-12-06 12:58:15,@garethicke BBC news were talking about what celebrities can influence the younger generation into getting jabbed..‚Ä¶ https://t.co/QSGGue1e0B
2020-12-06 11:56:06,@McLarenF1 @Richard_Mille Thank you for üëç my picture from Jack can Lando Salute like me @meller_henry you can becau‚Ä¶ https://t.co/yonXbJVTY3
2020-12-06 11:53:54,@jazzkazz1 @thehistoryguy @meller_henry Oh well I will not telling you what jack got you then.  I need to wrap gifts up and send them.
2020-12-06 11:40:10,"RT @Patron1s: Thierry Henry 2002/03:
- 55 Games
- 32 Goals 
- 28 Assists 

Pavel Nedved 2002/03
- 47 Games
- 14 Goals
- 3 Assists

Nedved w‚Ä¶"
2020-12-06 11:35:19,"Oh For Fuck Sake.
Yet another if the great voices of sports commentary has left us.
Took up the mantle of the great‚Ä¶ https://t.co/ryyLHxAPlt"
2020-12-06 11:04:45,@CamillaPargett1 I thought they might wait until little Gideon is a rebellious teenager... #thearchers But real-lif‚Ä¶ https://t.co/i0tkgpHRH3
2020-12-06 10:13:35,"@JackPittBrooke Great piece Jack, I remember those days when we were frankly crap, being consistently annihilated b‚Ä¶ https://t.co/pECxpmqR33"
2020-12-06 08:29:05,"The team of The Gobbledy Gooker, Hangman Page, Jack Swagger and Liv Morgan defeats The team of Alberto Del Rio, Mar‚Ä¶ https://t.co/EDKstfrs0C"
2020-12-06 07:29:49,"RT @OnePerfectShot: LOST (2005)

Cinematography by Michael Bonvillain
Directed by Jack Bender
From the episode ""Man of Science, Man of Fait‚Ä¶"
2020-12-06 06:25:09,@FatBitchDontEat a boy! he was my friend's cat for years and they named him ginger jack but i wanna name him henry‚Ä¶ https://t.co/bt37PgzwyN
2020-12-06 04:19:12,"((Jack Davidson: Annapolis grad; former Navy Seal; Supe program test subject; member of The Seven, known as ""Damocl‚Ä¶ https://t.co/yut7FCSpkN"
2020-12-06 03:01:11,"@LightItUpPat ‚ÄúI guess you‚Äôre comfortable to him‚Äù

Jack said with a chuckle. Nikita stayed curled up on top of Henry, wagging his tail"
2020-12-06 02:30:55,@LightItUpPat Jack started laughing and Nikita got comfortable as he curled up on Henry
2020-12-06 02:26:02,"RT @OnePerfectShot: LOST (2005)

Cinematography by Michael Bonvillain
Directed by Jack Bender
From the episode ""Man of Science, Man of Fait‚Ä¶"
2020-12-06 02:25:49,"RT @StatmanDave: Chances created in the Premier League this season:

35 ‚Äî Bruno Fernandes (ü•á)
34 ‚Äî 
33 ‚Äî
32 ‚Äî
31 ‚Äî 
30 ‚Äî
29 ‚Äî
28 ‚Äî Kevin De‚Ä¶"
2020-12-06 02:25:48,@ofsheerwills ((Jack Davidson: Annapolis grad; former Navy Seal; former CIA paramilitary (S.A.D.) / Supe program te‚Ä¶ https://t.co/4iALgjl8He
2020-12-06 02:11:50,"@ArtsyRxmanxv Henry squeaked and whined ""Jack! He's trying to smother me!"" Then Patrick laughed ""No he isn't. He's‚Ä¶ https://t.co/q7aNYQReAE"
2020-12-06 01:59:35,"@ArtsyRxmanxv ""Jack what is he doing?"" Henry held up his arms"
2020-12-06 01:51:37,"@ArtsyRxmanxv Henry was shaking then he whispered ""He threatened to cut open my stitches from my heart surgery, Jac‚Ä¶ https://t.co/zxgRzoW9cn"
2020-12-06 01:49:20,@LightItUpPat Nikita looked at Henry and Jack as he began remembering what they had done to him. Did he really want‚Ä¶ https://t.co/yG5YhPzMIC
2020-12-06 01:48:58,"It took me way to far into the 1896 ""Jack the Giant Killer"" by O. Henry to realize it was a parody.

I just got pun‚Ä¶ https://t.co/tDrgJWRLIm"
2020-12-06 01:44:07,@ArtsyRxmanxv Henry clung to Jack and was sobbing openly now then Patrick nudged Nikita and gestured to Henry
2020-12-06 01:41:40,"@LightItUpPat ‚ÄúOur dad.. ‚Äú

That was all Jack said as he pulled Henry into a hug to comfort him"
2020-12-06 01:31:47,@ArtsyRxmanxv Henry was shaking and he whispered something in Jack's ear. Something about Butch
2020-12-06 01:10:32,"@ArtsyRxmanxv Henry sniffled and said ""What is he doing, Jack?"" His voice was thick with tears"
2020-12-06 00:39:08,Uhhhhh guys Henry Rollins is in Jack Frost
2020-12-05 23:58:46,Henry a jack of all trades who now has fancy dress ice-cream man to add to his bow. https://t.co/LZc1RNeoDW
2020-12-05 23:57:35,"Henry Rollins
Yeah?
I heard of him 
That‚Äôs the hockey coach from Jack Frost right?"
2020-12-05 23:57:03,@bittenandkissed ((Jack Davidson: Annapolis grad; former Navy Seal / former CIA paramilitary (S.A.D.) / former SHIE‚Ä¶ https://t.co/D4RfAcbolF
2020-12-05 23:49:58,"@ofsheerwills ((I have a 'The Boyz' OC, which is an add-on of my Marvel OC, Jack Davidson. Jack's a former Navy Sea‚Ä¶ https://t.co/oSKmWymwAt"
2020-12-05 23:45:12,@cbr2366 @New_Narrative @MalcolmNance Absolutely right. He's watched those swindlers and jack-legs and seen how to‚Ä¶ https://t.co/3NzcnYn99f
2020-12-05 23:42:57,"RT @OnePerfectShot: LOST (2005)

Cinematography by Michael Bonvillain
Directed by Jack Bender
From the episode ""Man of Science, Man of Fait‚Ä¶"
2020-12-05 23:24:43,"RT @OnePerfectShot: LOST (2005)

Cinematography by Michael Bonvillain
Directed by Jack Bender
From the episode ""Man of Science, Man of Fait‚Ä¶"
2020-12-05 22:09:19,".@EliLake NIXON: Henry, tell Lake that Jack Kennedy had also actually lost the ‚Äò60 election, but his dad Joe and Ch‚Ä¶ https://t.co/hlUz3tx20X"
2020-12-05 22:04:01,((Jack Davidson: Annapolis grad; former Navy Seal / CIA paramilitary (S.A.D.) / SHIELD operative (S.T.R.I.K.E.); un‚Ä¶ https://t.co/HxayXg9RZ6
2020-12-05 21:54:35,"RT @OnePerfectShot: LOST (2005)

Cinematography by Michael Bonvillain
Directed by Jack Bender
From the episode ""Man of Science, Man of Fait‚Ä¶"
2020-12-05 21:39:28,@Jack_Tallant97 When they showed keane and Henry I nearly cried
2020-12-05 21:38:24,@Keith_678 No way. Saw Kane linking arms with Auba and Henry and that was enough for me
2020-12-05 21:24:33,"Doug, Email sent @fordnation 
ive finished clearing bobby amber mine and Henry Eddison Ford II Name, in the process‚Ä¶ https://t.co/w1BC5KdDHx"
2020-12-05 21:23:58,"Join the Jack Henry &amp; Associates, Inc team! See our latest #IT job openings, including ""Customer Service Representa‚Ä¶ https://t.co/NMft7bjkjz"
2020-12-05 21:22:46,"RT @OnePerfectShot: LOST (2005)

Cinematography by Michael Bonvillain
Directed by Jack Bender
From the episode ""Man of Science, Man of Fait‚Ä¶"
2020-12-05 21:21:27,"Click the link in our bio to see currently open #IT jobs like ""Technical Support Representative"" at Jack Henry &amp; As‚Ä¶ https://t.co/L4PzHtKGVg"
2020-12-05 21:12:48,@SantiagoAuFund You should get 120% financing at 2.3% and invest the proceeds into Gold &amp; Bitcoin. Take a deduction‚Ä¶ https://t.co/wP1jg6NSFE
2020-12-05 21:06:45,"RT @OnePerfectShot: LOST (2005)

Cinematography by Michael Bonvillain
Directed by Jack Bender
From the episode ""Man of Science, Man of Fait‚Ä¶"
2020-12-05 21:00:49,"RT @OnePerfectShot: LOST (2005)

Cinematography by Michael Bonvillain
Directed by Jack Bender
From the episode ""Man of Science, Man of Fait‚Ä¶"
2020-12-05 21:00:45,"RT @OnePerfectShot: LOST (2005)

Cinematography by Michael Bonvillain
Directed by Jack Bender
From the episode ""Man of Science, Man of Fait‚Ä¶"
2020-12-05 20:58:45,"RT @OnePerfectShot: LOST (2005)

Cinematography by Michael Bonvillain
Directed by Jack Bender
From the episode ""Man of Science, Man of Fait‚Ä¶"
2020-12-05 20:56:54,"RT @OnePerfectShot: LOST (2005)

Cinematography by Michael Bonvillain
Directed by Jack Bender
From the episode ""Man of Science, Man of Fait‚Ä¶"
2020-12-05 20:55:30,"RT @OnePerfectShot: LOST (2005)

Cinematography by Michael Bonvillain
Directed by Jack Bender
From the episode ""Man of Science, Man of Fait‚Ä¶"
2020-12-05 20:53:01,"RT @OnePerfectShot: LOST (2005)

Cinematography by Michael Bonvillain
Directed by Jack Bender
From the episode ""Man of Science, Man of Fait‚Ä¶"
2020-12-05 20:52:26,"RT @OnePerfectShot: LOST (2005)

Cinematography by Michael Bonvillain
Directed by Jack Bender
From the episode ""Man of Science, Man of Fait‚Ä¶"
2020-12-05 20:52:21,"@ArtsyRxmanxv 

Patrick was pacing while waiting for Jack and Robbie to get back from looking for Nikita. Henry was‚Ä¶ https://t.co/UosV0kzr3O"
2020-12-05 20:52:09,"RT @OnePerfectShot: LOST (2005)

Cinematography by Michael Bonvillain
Directed by Jack Bender
From the episode ""Man of Science, Man of Fait‚Ä¶"
2020-12-05 20:51:29,"RT @OnePerfectShot: LOST (2005)

Cinematography by Michael Bonvillain
Directed by Jack Bender
From the episode ""Man of Science, Man of Fait‚Ä¶"
2020-12-05 20:51:09,"RT @OnePerfectShot: LOST (2005)

Cinematography by Michael Bonvillain
Directed by Jack Bender
From the episode ""Man of Science, Man of Fait‚Ä¶"
2020-12-05 20:50:44,"RT @OnePerfectShot: LOST (2005)

Cinematography by Michael Bonvillain
Directed by Jack Bender
From the episode ""Man of Science, Man of Fait‚Ä¶"
2020-12-05 20:50:27,"Speaking of brothers, at least three brothers of current players will be drafted this week with Jack Henry and Jack‚Ä¶ https://t.co/8h3xLg1Qk8"
2020-12-05 20:50:24,"RT @OnePerfectShot: LOST (2005)

Cinematography by Michael Bonvillain
Directed by Jack Bender
From the episode ""Man of Science, Man of Fait‚Ä¶"
2020-12-05 20:49:16,"RT @OnePerfectShot: LOST (2005)

Cinematography by Michael Bonvillain
Directed by Jack Bender
From the episode ""Man of Science, Man of Fait‚Ä¶"
2020-12-05 20:49:01,RT @SunlitSara: 2. The book being published by @SimonHepworth6 is an amazing story of how we all became touched by many from the aviation i‚Ä¶
2020-12-05 20:48:54,"RT @OnePerfectShot: LOST (2005)

Cinematography by Michael Bonvillain
Directed by Jack Bender
From the episode ""Man of Science, Man of Fait‚Ä¶"
2020-12-05 20:48:26,"RT @OnePerfectShot: LOST (2005)

Cinematography by Michael Bonvillain
Directed by Jack Bender
From the episode ""Man of Science, Man of Fait‚Ä¶"
2020-12-05 20:48:18,"RT @OnePerfectShot: LOST (2005)

Cinematography by Michael Bonvillain
Directed by Jack Bender
From the episode ""Man of Science, Man of Fait‚Ä¶"
2020-12-05 20:48:02,"LOST (2005)

Cinematography by Michael Bonvillain
Directed by Jack Bender
From the episode ""Man of Science, Man of‚Ä¶ https://t.co/bLaJKwZmjV"
2020-12-05 20:09:08,RT @natmolyneaux: @EngNorbridge Jack Beardsley @KingfisherY6  has started a new book called Horrid Henry Rules The World it has lots of dif‚Ä¶
2020-12-05 19:54:02,"RT @tmj_kan_it: We're hiring! Read about our latest job opening here: Senior C# Software Engineer - https://t.co/VDYUz508Z0 #IT #Lenexa, KS"
2020-12-05 19:47:03,"We're hiring! Read about our latest job opening here: Senior C# Software Engineer - https://t.co/VDYUz508Z0 #IT #Lenexa, KS"
2020-12-05 19:16:29,"@SenatorRomney Senator: Henry Clay, a Kentuckian, was considered to be The Great Compromiser. You should replace th‚Ä¶ https://t.co/a1pLvapbEW"
2020-12-05 19:02:04,@PenknifeBowers Robbie grabbed Jack and Henry and began pulling them away
2020-12-05 18:57:11,RT @barstoolsports: Henry Rowengartner after surgery https://t.co/NcK3aSlSAd
2020-12-05 18:26:31,"jack henry quaid. (april 24, 1992) https://t.co/F911IOtBzj"
2020-12-05 18:20:35,Goal! #45 Jack Henry Hamilton places the ball in the bottom left corner for his first goal. It‚Äôs 6-0 Commodores wit‚Ä¶ https://t.co/jSnH1j21TN
2020-12-05 18:11:58,#Nowplaying on #KISAPublicRadio: UCTV: UC Berkeley - Suspect Race: Causes and Consequences of Racial Profiling with‚Ä¶ https://t.co/QSDxAKd6cy
2020-12-05 18:11:01,"@NEWEM0TI0N black jack, Henry or sir bonkers"
2020-12-05 18:10:20,@EngNorbridge Jack Beardsley @KingfisherY6  has started a new book called Horrid Henry Rules The World it has lots‚Ä¶ https://t.co/k0PgIBdr5m
2020-12-05 17:31:28,"Best Stocks of 1990's: Dell DELL, EMC EMC, Solectron SLR, Tellabs TLAB, Clear Channel Communications CCU , Jack Hen‚Ä¶ https://t.co/y8RIvHeosB"
2020-12-05 17:27:25,Mark Henry vs Jack Gallagher vs Killian Dain vs Heath Slater in a Fatal Four Way at #WrestleMania in Houston
2020-12-05 17:23:52,"@ExeterChiefs @LeicesterTigers Henry Slade, Jack Nowell, Stuart Hogg, Luke Cowan-Dickie, Tomas Francis, Jonny Gray,‚Ä¶ https://t.co/Gtv64fDKlJ"
2020-12-05 16:49:01,@The3rdFrame @celtic_now @Celticnewsnow It‚Äôll never happen lol pretty safe I reckon.... jack fucking Henry...üòÇ
2020-12-05 16:32:33,"@NBCSports @SNFonNBC The Browns Took Corey Coleman instead of some other names such as

Derrick Henry
Jaylon Smith‚Ä¶ https://t.co/dnZOzA18Pt"
2020-12-05 16:30:33,@celtic_now @Celticnewsnow If jack henry returns to be our saving grace I‚Äôll wear a rangers top to bed one night!
2020-12-05 16:05:20,RT @peterjukes: Figures. Islamophobia is the establishment default. The Times are close to Gove: Gove served as a director the Henry Jackso‚Ä¶
2020-12-05 15:49:30,@Gunnie__67 And get Jack Henry back fae loan
2020-12-05 15:39:15,"RT @brorarangers: Goal, wick pull one back through Jack Henry."
2020-12-05 15:37:41,"RT @brorarangers: Goal, wick pull one back through Jack Henry."
2020-12-05 15:36:30,"Goal, wick pull one back through Jack Henry."
2020-12-05 15:22:38,"RT @Farsendor: #ProBowlVote + Derrick Henry
#ProBowlVote + Ben Jones
#ProBowlVote + Rodger Saffold
#ProBowlVote + Dennis Kelly 
#ProBowlVot‚Ä¶"
2020-12-05 15:17:40,"RT @PuleZtro: A host of other players followed suit and those were: Frank Rapulana(Chapotela), Cedric Nakhumwa, Lovemore Chafunya, Barnett‚Ä¶"
2020-12-05 14:03:23,"@ArtsyRxmanxv 

Henry was leaning against the wall smoking and he looked at Jack then smirked ""What's that look for?"""
2020-12-05 13:31:09,"Our starting line up for this afternoon:

1. Tom Ballard
2. Alex Laing
3. Marlon Stratford
4. Henry Lukombo
5. Rio‚Ä¶ https://t.co/FOHKQz5MLU"
2020-12-05 12:08:09,"RT @jeorgebird: Jack Henry-Francis, a talented midfielder, made his debut for the U23s in the friendly v Brentford yesterday. He hasn't pla‚Ä¶"
2020-12-05 11:41:02,"RT @jeorgebird: Jack Henry-Francis, a talented midfielder, made his debut for the U23s in the friendly v Brentford yesterday. He hasn't pla‚Ä¶"
2020-12-05 10:37:57,"RT @APirateLegacy: ""Are you sure you're THE Jack Sparrow?"" 
üè¥‚Äç‚ò†Ô∏è Flipped Account
üè¥‚Äç‚ò†Ô∏è Henry Turner 
üè¥‚Äç‚ò†Ô∏è Son of @APiratesSword and @RegalPi‚Ä¶"
2020-12-05 08:57:42,"@WBCBoxing @ESBCGame British legends - 
John Jack Broughton
Randolph Turpin
Bob Fitzsimmons
Howard Winstone
Ted Lew‚Ä¶ https://t.co/cJ3PKLxjaK"
2020-12-05 08:27:11,@wtaylorjr11 @Jack_256 Wow I thought u were kinda smart
2020-12-05 05:41:28,@dts @TiVo There is no movie that Tim Burton directed with Jack Skellington in it. Burton wrote The Nightmare Befor‚Ä¶ https://t.co/yaEaI8kfok
2020-12-05 05:16:12,"Ok so I did a list of authors that I MAY check out:

-Henry James
-Joseph Conrad
-Mikhail Bulgakov
-Ivan Turgeniev‚Ä¶ https://t.co/eZc90AxC3g"
2020-12-05 04:03:05,"DNI IF
YOU'RE RACIST

‚Ä¢YOURE A PEDOPHILE/PRO-SHIPPER

‚Ä¢YOU‚ÄôRE LGBTQ-PHOBIC, ABLEIST, OR EXCLUS

‚Ä¢YOU GLORIFY ABUSE,‚Ä¶ https://t.co/yPWPBgYNnk"
2020-12-05 02:03:18,"RT @PenknifeBowers: ‚ÄúShut up! I‚Äôm gonna carve my name into this cottage cheese!‚Äù

Henry Bowers

üî™ Leader of the Bowers Gang

üî™ Little broth‚Ä¶"
2020-12-05 01:48:28,RT @LisaBarlow7: Henry dancing with a producer on a break from Jack‚Äôs driving lesson. üòÇ‚ù§Ô∏è#RHOSLC https://t.co/iNrQLEwh53
2020-12-05 01:44:56,"RT @mjrowland68: Happy Birthday, Jack!"
2020-12-05 01:35:02,"RT @jeorgebird: Jack Henry-Francis, a talented midfielder, made his debut for the U23s in the friendly v Brentford yesterday. He hasn't pla‚Ä¶"
2020-12-05 01:32:32,"@ArtsyRxmanxv ""Dead. He was killed by Jack. Henry pushed him into the water"""
2020-12-05 00:58:10,"@PenknifeBowers Jack quietly went home with Henry, already coming up with a plan just in case shit hits the fan for them"
2020-12-05 00:03:04,"RT @DoctorWho_BBCA: Even with Captain Jack's help, the gang are set to face one of their biggest and most frightening challenges yet. 

'Re‚Ä¶"
2020-12-04 23:46:40,"@ArtsyRxmanxv ""No you won't. I'm too cute to get haunted"" Patrick said then Henry said ""Jack help us instead of laughing"""
2020-12-04 23:40:43,Jack chose the nail polish tonight instead of Henry. The colour is Malice. https://t.co/A3YngJU8Ic
2020-12-04 23:32:33,"RT @JackHenryJobs: Want to work at Jack Henry &amp; Associates, Inc? We're hiring in #Charlotte, NC! Click for details: https://t.co/s2yBKJj3ke‚Ä¶"
2020-12-04 23:25:21,"Want to work at Jack Henry &amp; Associates, Inc? We're hiring in #Charlotte, NC! Click for details: https://t.co/s2yBKJj3ke #IT"
2020-12-04 22:47:57,@TlwLeo5 @CowboysPlsWin @iJNewww @dallascowboys @dak @EzekielElliott Henry actually played in and completed a playo‚Ä¶ https://t.co/gzdc14fI0H
2020-12-04 22:45:39,@therealdre_jack @CowboysPlsWin @iJNewww @dallascowboys @dak @EzekielElliott The difference Henry don‚Äôt got a ring
2020-12-04 22:43:21,"@ArtsyRxmanxv Henry walked in then he walked out and said to Robbie and Jack ""Okay so Patrick and Nikita are hyper"""
2020-12-04 22:29:53,@baleman_fc @MattyB98584652 @GabrielRamsey_ @needler_jack @alexwalton2201 @J0ck_ward @Henry_C2019 @birchall_joshua @ElliotRamsey8 Pussys
2020-12-04 22:26:47,2. The book being published by @SimonHepworth6 is an amazing story of how we all became touched by many from the av‚Ä¶ https://t.co/XDKsmhm0nC
2020-12-04 22:13:56,"That'll be simunovic who had knees made of chocolate,Ralston whos career highlight is laughing at neymar, Taylor wh‚Ä¶ https://t.co/b6DgIGzh0v"
2020-12-04 21:18:54,"Looking to join Kelly Services, Jack Henry &amp; Associates, Inc (@JackHenryJobs), or Cognizant (@Cognizant_Latam)? Vie‚Ä¶ https://t.co/PCmqiALw3A"
2020-12-04 20:27:33,RT @natmolyneaux: @EngNorbridge Jack Beardsley @KingfisherY6  finished Horrid Henry gets rich quick tonight. He read chapter 4 page 71-92.‚Ä¶
2020-12-04 19:24:13,"RT @jeorgebird: Jack Henry-Francis, a talented midfielder, made his debut for the U23s in the friendly v Brentford yesterday. He hasn't pla‚Ä¶"
2020-12-04 19:21:20,"RT @jeorgebird: Jack Henry-Francis, a talented midfielder, made his debut for the U23s in the friendly v Brentford yesterday. He hasn't pla‚Ä¶"
2020-12-04 19:21:06,"@EvanRobertsWFAN If you see some of the players the Jets passed on for Darren Lee smh....DT-Chris Jones 
LB-Myles J‚Ä¶ https://t.co/4YXsdlcGHC"
2020-12-04 19:01:16,@EngNorbridge Jack Beardsley @KingfisherY6  finished Horrid Henry gets rich quick tonight. He read chapter 4 page 7‚Ä¶ https://t.co/lDHQF5e7wS
2020-12-04 18:44:19,"@FanSidedFoS Don‚Äôt get it twisted, we love Jack Conklin. But the $10 million per year difference in contracts betwe‚Ä¶ https://t.co/qMvAr3ozPu"
2020-12-04 18:43:10,"RT @jeorgebird: Jack Henry-Francis, a talented midfielder, made his debut for the U23s in the friendly v Brentford yesterday. He hasn't pla‚Ä¶"
2020-12-04 18:25:09,RT @LisaBarlow7: Henry dancing with a producer on a break from Jack‚Äôs driving lesson. üòÇ‚ù§Ô∏è#RHOSLC https://t.co/iNrQLEwh53
2020-12-04 18:21:38,"@clickclack_____ Oggy n the cockroaches Wala jack &gt;&gt;&gt;&gt;&gt;&gt;&gt;&gt;titanic Wala jack
.
.
.
.
Oggy n the cockroaches are the‚Ä¶ https://t.co/uxJ3oc2raO"
2020-12-04 17:55:49,@ArtsyRxmanxv Patrick blinked when Henry pointed him out to Robbie and Jack
2020-12-04 17:42:44,"@McLaurinXJuJu Even more studs with those guys Xavien Howard, Myles Jack, Chris Jones, Derrick Henry etc. ugh"
2020-12-04 17:40:16,"RT @jeorgebird: Jack Henry-Francis, a talented midfielder, made his debut for the U23s in the friendly v Brentford yesterday. He hasn't pla‚Ä¶"
2020-12-04 17:38:22,"@TurboGurbo @DeputyRustArt Jack as it makes more sense with the bloodshed and violence as The Black Baron, Henry, a‚Ä¶ https://t.co/VT9rbtLvXy"
2020-12-04 17:32:40,"RT @jeorgebird: Jack Henry-Francis, a talented midfielder, made his debut for the U23s in the friendly v Brentford yesterday. He hasn't pla‚Ä¶"
2020-12-04 17:21:39,"RT @jeorgebird: Jack Henry-Francis, a talented midfielder, made his debut for the U23s in the friendly v Brentford yesterday. He hasn't pla‚Ä¶"
2020-12-04 17:14:19,"RT @jeorgebird: Jack Henry-Francis, a talented midfielder, made his debut for the U23s in the friendly v Brentford yesterday. He hasn't pla‚Ä¶"
2020-12-04 17:14:03,"Jack Henry-Francis, a talented midfielder, made his debut for the U23s in the friendly v Brentford yesterday. He ha‚Ä¶ https://t.co/ncZeEde5aH"
2020-12-04 16:56:06,RT @LisaBarlow7: Henry dancing with a producer on a break from Jack‚Äôs driving lesson. üòÇ‚ù§Ô∏è#RHOSLC https://t.co/iNrQLEwh53
2020-12-04 16:52:37,RT @LisaBarlow7: Henry dancing with a producer on a break from Jack‚Äôs driving lesson. üòÇ‚ù§Ô∏è#RHOSLC https://t.co/iNrQLEwh53
2020-12-04 16:38:25,"RT @OrskiAndrzej: Minton's Playhouse At Night

The historic Harlem Jazz club, Minton's Playhouse 
(at 206 - 210 West 118th Street), New Yor‚Ä¶"
2020-12-04 16:33:37,"@4a_of Happy Birthday Jack! From Jackie in Canada! My birthday was yesterday, so we're birthday buddies! Have a gre‚Ä¶ https://t.co/VdKrbyHgLX"
2020-12-04 16:23:15,"RT @OMEGAJACKSON914: There are five people in the world i can listen to all the time at any time. Chuck D, henry rollins, j-zone, new jack,‚Ä¶"
2020-12-04 15:57:07,@NewGenMarvel ((Jack Davidson: Annapolis grad; former Navy Seal / CIA paramilitary (S.A.D.) / SHIELD operative (S.T‚Ä¶ https://t.co/jTQOmz68Ti
2020-12-04 15:54:26,RT @LisaBarlow7: Henry dancing with a producer on a break from Jack‚Äôs driving lesson. üòÇ‚ù§Ô∏è#RHOSLC https://t.co/iNrQLEwh53
2020-12-04 15:44:45,"RT @Connor_J_Hughes: Adam Gase said the #Jets ‚Äúloved‚Äù Henry Ruggs entering the #NFLDraft. Said team was ‚Äúdefinitely interested‚Äù in him, but‚Ä¶"
2020-12-04 15:34:19,"RT @MEDIOVON: Goals + Assists at the age of 22: 

Cristiano Ronaldo - 47G / 41A
Thierry Henry - 50G / 11A
Marcus Rashford - 74G / 35A 
Gabr‚Ä¶"
2020-12-04 15:15:02,"Credit Union Technical Support Supervisor at Jack Henry &amp; Associates, Inc.¬Æ (@JackHenryAssoc) [San Diego, CA] https://t.co/KYZJSwIatJ"
2020-12-04 15:10:46,@iamLeGoat Ur as crazy as henry the goat beaterüòÇüòÇüòÇüòÇüòÇüòÇ
2020-12-04 15:05:01,"SAFe Program Manager at Jack Henry &amp; Associates, Inc.¬Æ (@JackHenryAssoc) [Monett, MO] https://t.co/ErrHY5tkeo #projectmanagement"
2020-12-04 14:46:58,RT @LisaBarlow7: Henry dancing with a producer on a break from Jack‚Äôs driving lesson. üòÇ‚ù§Ô∏è#RHOSLC https://t.co/iNrQLEwh53
2020-12-04 14:26:16,RT @LisaBarlow7: Henry dancing with a producer on a break from Jack‚Äôs driving lesson. üòÇ‚ù§Ô∏è#RHOSLC https://t.co/iNrQLEwh53
2020-12-04 14:24:33,RT @LisaBarlow7: Henry dancing with a producer on a break from Jack‚Äôs driving lesson. üòÇ‚ù§Ô∏è#RHOSLC https://t.co/iNrQLEwh53
2020-12-04 13:51:42,Guess by Marciano Reilly Smith Kevin Struna Shipley A.Q. Jakub Lauko The White Crow Fox Jack Amon G. Carter Stadium‚Ä¶ https://t.co/SLUGfI80PB
2020-12-04 13:34:28,RT @LisaBarlow7: Henry dancing with a producer on a break from Jack‚Äôs driving lesson. üòÇ‚ù§Ô∏è#RHOSLC https://t.co/iNrQLEwh53
2020-12-04 13:27:48,@lucymirandaward Read the things our infant sovereign King Henry doesn't want you to read. Like and subscribe before we're excommunicated!
2020-12-04 12:36:17,((Jack Davidson: Annapolis grad; former Navy Seal / CIA paramilitary / SHIELD operative; combat veteran turned muta‚Ä¶ https://t.co/1wK7GRhh6S
2020-12-04 12:18:31,@etalkCTV Jack Black as Puck would be perfect https://t.co/HcgQAgUkTs
2020-12-04 12:18:09,"RT @etalkCTV: #JackBlack in the #MCU? We're here for it!

https://t.co/apCDWaMe6B"
2020-12-04 11:23:14,@EmberEtin ((Jack Davidson: Annapolis grad; former Navy Seal / CIA paramilitary / SHIELD operative; combat veteran;‚Ä¶ https://t.co/F0CLWiM3vT
2020-12-04 11:20:32,@EmberEtin ((Jack Davidson: Annapolis grad; former Navy Seal / CIA paramilitary / SHIELD operative; combat veteran;‚Ä¶ https://t.co/S56I25DEIW
2020-12-04 11:16:31,RT @LisaBarlow7: Henry dancing with a producer on a break from Jack‚Äôs driving lesson. üòÇ‚ù§Ô∏è#RHOSLC https://t.co/iNrQLEwh53
2020-12-04 11:10:01,"That fragment ,[[from Jack London's White Fang where Henry begins flexing his fingers and admiring the beauty and f‚Ä¶ https://t.co/AsGcGrSIiL"
2020-12-04 09:56:02,"@ddphdhd @SilverMania2 Terry Crews, Jack Black, Henry Cavill, Mila Kunis are also popular and gamers. We'd still ra‚Ä¶ https://t.co/zvOxOS0haJ"
2020-12-04 09:52:38,"RT @WhoFanSite: Revolution of The Daleks Trailer Highlights:

- Jack is back.
- New shots of the new Dalek.
-Shot of the Judoon prison.

#D‚Ä¶"
2020-12-04 07:56:23,RT @LisaBarlow7: Henry dancing with a producer on a break from Jack‚Äôs driving lesson. üòÇ‚ù§Ô∏è#RHOSLC https://t.co/iNrQLEwh53
2020-12-04 07:10:30,@snazzyKNOT @CardsBecca Claire Bowman. Jack Henry Bowman
2020-12-04 06:30:06,RT @LisaBarlow7: Henry dancing with a producer on a break from Jack‚Äôs driving lesson. üòÇ‚ù§Ô∏è#RHOSLC https://t.co/iNrQLEwh53
2020-12-04 06:27:14,"Minton's Playhouse At Night

The historic Harlem Jazz club, Minton's Playhouse 
(at 206 - 210 West 118th Street), N‚Ä¶ https://t.co/hX1S7FACPC"
2020-12-04 05:42:54,HE SAID JACK BLACK SHOULD PLAY HENRY IN THE FNAF MOVIE ...
2020-12-04 05:13:17,RT @LisaBarlow7: Henry dancing with a producer on a break from Jack‚Äôs driving lesson. üòÇ‚ù§Ô∏è#RHOSLC https://t.co/iNrQLEwh53
2020-12-04 04:58:19,@MeanGreenJen (Jack Davidson: Annapolis grad; former Navy Seal / CIA paramilitary / SHIELD operative; combat vetera‚Ä¶ https://t.co/Dj7bOrthej
2020-12-04 04:54:36,@AnimalGodness (Jack Davidson: Annapolis grad; former Navy Seal / CIA paramilitary / SHIELD operative; combat veter‚Ä¶ https://t.co/Zi7jP17Nq6
2020-12-04 04:03:04,@EmberEtin ((Jack Davidson: Annapolis grad; former Navy Seal / CIA paramilitary / SHIELD operative; combat veteran;‚Ä¶ https://t.co/kVlvwz19LH
2020-12-04 03:49:44,"RT @TheNightTrain3: Henry was spotless and his brass shone brightly.

And they scrubbed the paint off. https://t.co/D0JZ8ZCYWe"
2020-12-04 03:22:30,RT @LisaBarlow7: Henry dancing with a producer on a break from Jack‚Äôs driving lesson. üòÇ‚ù§Ô∏è#RHOSLC https://t.co/iNrQLEwh53
2020-12-04 02:56:20,"According to Netflix‚Äôs The Holiday Movies That Made us, Danny Elfman originally recorded ALL of the vocals for Jack‚Ä¶ https://t.co/mRN6GGrN4k"
2020-12-04 02:26:42,RT @spittinchiclets: Henry Boucha appreciation post https://t.co/iUslViO8AF
2020-12-04 02:16:29,Check out what I just added to my closet on Poshmark: Jack Henry Chocolate Brown Leather Trench Coat.‚Ä¶ https://t.co/uHaiVMhigR
2020-12-04 02:05:54,RT @LisaBarlow7: Henry dancing with a producer on a break from Jack‚Äôs driving lesson. üòÇ‚ù§Ô∏è#RHOSLC https://t.co/iNrQLEwh53
2020-12-04 01:16:06,RT @LisaBarlow7: Henry dancing with a producer on a break from Jack‚Äôs driving lesson. üòÇ‚ù§Ô∏è#RHOSLC https://t.co/iNrQLEwh53
2020-12-04 01:11:28,RT @LisaBarlow7: Henry dancing with a producer on a break from Jack‚Äôs driving lesson. üòÇ‚ù§Ô∏è#RHOSLC https://t.co/iNrQLEwh53
2020-12-04 01:00:43,RT @LisaBarlow7: Henry dancing with a producer on a break from Jack‚Äôs driving lesson. üòÇ‚ù§Ô∏è#RHOSLC https://t.co/iNrQLEwh53
2020-12-04 00:46:49,RT @LisaBarlow7: Henry dancing with a producer on a break from Jack‚Äôs driving lesson. üòÇ‚ù§Ô∏è#RHOSLC https://t.co/iNrQLEwh53
2020-12-04 00:41:26,RT @LisaBarlow7: Henry dancing with a producer on a break from Jack‚Äôs driving lesson. üòÇ‚ù§Ô∏è#RHOSLC https://t.co/iNrQLEwh53
2020-12-04 00:26:14,Henry dancing with a producer on a break from Jack‚Äôs driving lesson. üòÇ‚ù§Ô∏è#RHOSLC https://t.co/iNrQLEwh53
2020-12-03 23:58:59,"@a___millz More time spent with our boys, Henry, 17, and Jack, 13, who are growing up so fast!"
2020-12-03 23:38:45,"@OldxstBowxrs 

His big brother. Strict and a no nonsense kind of person Jack and Henry get along very well, though‚Ä¶ https://t.co/pffKSGxpC8"
2020-12-03 23:03:59,"RT @RemotejobPage: New #remotejob | Jack Henry &amp; Associates, Inc.¬Æ is hiring Lead Software Engineer at Jack Henry &amp; Associates, Inc.¬Æ () (a‚Ä¶"
2020-12-03 23:02:41,"New #remotejob | Jack Henry &amp; Associates, Inc.¬Æ is hiring Lead Software Engineer at Jack Henry &amp; Associates, Inc.¬Æ‚Ä¶ https://t.co/wBsjcVp10G"
2020-12-03 22:43:04,".@JackHenryAssoc Payments marks 800 FIs that have migrated to its card processing platform

https://t.co/ABNUKS43XO https://t.co/O3yuV9CrNF"
2020-12-03 22:25:41,@meller_henry hello sir hope your feeling better.  I have got something to show you soon says Jack.  Your Christmas‚Ä¶ https://t.co/UhOrvHgpuG
2020-12-03 22:23:17,"RT @scdp: ""Jack Logan, the founder of 'Put Down the Guns Now Young People Organization', is asking Governor Henry McMaster and law makers i‚Ä¶"
2020-12-03 21:40:33,"@LightItUpPat ‚ÄúYou get your ass back here, Henry Andrew!‚Äù

Jack yelled as he chased after him"
2020-12-03 21:31:39,"@pad_illa Sound like great agents...but I'm gonna need a real wacky pair for my pilot. Like DeVito and Perlman, Pag‚Ä¶ https://t.co/frZh6W3Rjp"
2020-12-03 21:18:46,"deadass one guy who shouted ""get his ass"" when henry cavill did this https://t.co/nHFZXMfqTH"
2020-12-03 21:09:51,"@Karjamin @tyrome_jenkins @Titans_MMA_Fan @BiellerMatthew @gmfb @Titans @Browns I would hope with Jarvis Landry , O‚Ä¶ https://t.co/aL9gM7FGug"
2020-12-03 21:05:03,"@ArtsyRxmanxv Henry grinned then opened Jack's wallet and saw his birth certificate so he grinned ""I know Jack's middle name!"""
2020-12-03 20:02:50,@EvanAKilgore @TexMexRRR We cannot let Mark Zuckerberg Jack Dorothy and MSM dictate to us who our president will be‚Ä¶ https://t.co/54IewSmnxw
2020-12-03 19:33:56,"@hothotch yeah, but they literally robbed us of like Henry, Michael &amp; Jack scenes on Christmas like that would‚Äôve been adorable ü•∫"
2020-12-03 19:30:17,"RT @taylorowens37: if we‚Äôre gonna talk about jack black, we‚Äôre gonna have to revisit this iconic moment https://t.co/BgAdqQXA4M"
2020-12-03 19:25:17,@EngNorbridge Jack Beardsley @KingfisherY6 ... reading 3rd chapter of Horrid Henry gets rich quick page 52-70 he‚Äôs‚Ä¶ https://t.co/QKwxpcDMw4
2020-12-03 19:05:00,"Looking to score a job at Jack Henry &amp; Associates, Inc? You're in luck. Click the link in our bio for the job descr‚Ä¶ https://t.co/dMBSd82wUO"
2020-12-03 18:34:25,"RT @scdp: ""Jack Logan, the founder of 'Put Down the Guns Now Young People Organization', is asking Governor Henry McMaster and law makers i‚Ä¶"
2020-12-03 18:30:00,"""Jack Logan, the founder of 'Put Down the Guns Now Young People Organization', is asking Governor Henry McMaster an‚Ä¶ https://t.co/MTnrTcw7vs"
2020-12-03 18:09:10,Here's a deep dive from August on how the #Titans made it a high priority for Derrick Henry to swipe the rushing ti‚Ä¶ https://t.co/aUEsQ66LEZ
2020-12-03 17:26:24,"@AdeLutman That's acceptable: 'ill-gotten' - good shout there.

Shakespeare used it - (Henry VI pt 2, c1591): ""Jack‚Ä¶ https://t.co/PFt5CNapmL"
2020-12-03 16:45:37,"RT @RapSheet: Interesting notes:
‚Äî DeAndre Hopkins and Stefon Diggs are 1-2 in WRs.
‚Äî Dalvin Cook leads over Derrick Henry for RBs.
‚Äî Mekhi‚Ä¶"
2020-12-03 16:45:34,"Want to land a job like ""Business Consultant"" at Jack Henry &amp; Associates, Inc? Applicant tracking systems look for‚Ä¶ https://t.co/rlSm1Wo3ew"
2020-12-03 16:37:00,"@mnkahn New Job Alerts for You: Payment Support Rep III | Jack Henry &amp;amp; Associates, Inc | Elizabethtown | https://t.co/rmnwaaRuTg"
2020-12-03 15:59:46,@JackHenryAssoc Migrates 800 Financial Institutions to Enhanced Card Processing Platform https://t.co/LXWLwVpSrE #Tech #Technology #finance
2020-12-03 15:33:17,"Jack Henry Migrates 800 Financial Institutions to Enhanced Card Processing Platform | Jack Henry &amp; Associates, Inc. https://t.co/bKYu09BYCc"
2020-12-03 15:15:42,"Henry Cejudo never fails to entertain me. Adds, ""Merry Christmas"" to the end. Gold. https://t.co/pXZT3Wj2ph"
2020-12-03 15:03:49,"RT @tmj_dfw_it: This job is now open at Jack Henry &amp; Associates, Inc in #Allen, TX. Follow us and turn on mobile alerts to hear about jobs‚Ä¶"
2020-12-03 14:04:04,@Richard98217326 @JohnMas02842372 @jazzkazz1 @meller_henry @F1PLT @RAFBBMF @RAFRed10 @stuartroxy @RotorLadyLesley‚Ä¶ https://t.co/fFSPLvmP77
2020-12-03 13:51:54,"RT @BurnleyOfficial: PRESS | Sean Dyche gives an injury update. ü§ï

Jack Cork continues to make progress and has been on grass warming up wi‚Ä¶"
2020-12-03 13:38:29,@Sara79601745 @meller_henry @jazzkazz1 @F1PLT @JohnMas02842372 @RAFBBMF @RAFRed10 @stuartroxy @RotorLadyLesley‚Ä¶ https://t.co/BT0DVB2wJl
2020-12-03 13:00:28,"$JKHY Jack Henry Migrates 800 Financial Institutions to Enhanced Card Processing Platform
https://t.co/ifkoeJToRz"
2020-12-03 11:01:12,"RT @stmarysboyslax: Weems-Whalen Field &amp; Pascal Field to üèü Homewood Field.
üê¶@hopkinsmenslax 

P. J. Boyle '74
Craig Bubier '83 (photo)
Jack‚Ä¶"
2020-12-03 10:19:04,"Weems-Whalen Field &amp; Pascal Field to üèü Homewood Field.
üê¶@hopkinsmenslax 

P. J. Boyle '74
Craig Bubier '83 (photo)‚Ä¶ https://t.co/BrX1vdstdm"
2020-12-03 09:16:38,@sarahdeacon2 They've sent years 10 and 11 to work from home for two weeks with any siblings. That's my Jack and He‚Ä¶ https://t.co/tpVZfO9l77
2020-12-03 08:47:27,@Sara79601745 @meller_henry @jazzkazz1 @F1PLT @JohnMas02842372 @RAFBBMF @RAFRed10 @stuartroxy @RotorLadyLesley‚Ä¶ https://t.co/ImKjo6EAaT
2020-12-03 08:45:50,@fidelitybankplc @Janore_brand @Henry_Poultry Wow...congratulations bro!!@Bojaaa
2020-12-03 08:05:12,@Sara79601745 @meller_henry @jazzkazz1 @F1PLT @JohnMas02842372 @RAFBBMF @RAFRed10 @stuartroxy @Richard98217326‚Ä¶ https://t.co/GziYX6VFor
2020-12-03 07:39:30,RT @Sara79601745: Thanks to some amazing people @meller_henry @jazzkazz1 @F1PLT @JohnMas02842372 @RAFBBMF @RAFRed10 @stuartroxy @RotorLadyL‚Ä¶
2020-12-03 06:42:59,"RT @AvfcArchive: One year ago today:

Jack Grealish did this üéØ

#AVFC
https://t.co/vWsJwISJIs"
2020-12-03 06:42:25,Thanks to some amazing people @meller_henry @jazzkazz1 @F1PLT @JohnMas02842372 @RAFBBMF @RAFRed10 @stuartroxy‚Ä¶ https://t.co/vd7XqS1zbh
2020-12-03 06:16:26,"SURVIVOR SERIES: The team of Adam Cole, Bill DeMott, MVP, Mark Henry and Akeem defeats The team of Gran Metalik, T‚Ä¶ https://t.co/n3K4hUywHZ"
2020-12-03 05:38:51,/ / I‚Äôm not saying Jack sparrow and Henry Avery can be good mates but‚Äî they can be üëÅ @DRUNKENCAPTAlN
2020-12-03 05:22:29,"RT @SteveNiles: Happy Birthday, Jack Davis https://t.co/6eFP1cblDv"
2020-12-03 03:06:56,"Dec 2nd
RECAP

Last 4 Days: 15-5!
Another very solid day:
4-2, +$540üí∞‚úÖüí∞‚úÖ

JACK WIN‚úÖ
UAB WIN‚úÖ
SH loss
WKU WIN‚úÖ
MURR‚Ä¶ https://t.co/7z3bmPICUw"
2020-12-03 02:50:54,"Can you recommend anyone for this job? Lead Software Engineer (DevOps) - https://t.co/1UPdxRajgm #IT #Allen, TX"
2020-12-03 02:42:48,On this day in 1969 first passenger flight of the Boeing 747 takes place from Seattle to NYC 191 passengers on boar‚Ä¶ https://t.co/ZHFsntnPW9
2020-12-03 02:40:07,"RT @thevandykeparks: Joe Henry, born Dec. 2, 1960, produced Death Don't Have No Mercy -for Ramblin' Jack, with VDP on piano https://t.co/b9‚Ä¶"
2020-12-03 02:39:11,"Joe Henry, born Dec. 2, 1960, produced Death Don't Have No Mercy -for Ramblin' Jack, with VDP on piano https://t.co/b9M0kOw3Gu"
2020-12-03 01:38:38,"@LightItUpPat Nikita slowly got behind Patrick as Jack touched Henry‚Äôs shoulder

‚ÄúHenry..‚Äù"
2020-12-03 01:35:05,RT @rapdailytweets: That boy Jack Harlow must be stopped üíÄ https://t.co/doljdvqIor
2020-12-03 01:28:15,@ArtsyRxmanxv Henry looked at Jack and he silently asked if he had asthma
2020-12-03 01:11:49,henry and jack are the cutest oml
2020-12-02 23:32:38,Shey if Jack gave us voice feature on android now I would have memorized this rhyme about Henry VIII that Ikepo jus‚Ä¶ https://t.co/kmlmBI60vG
2020-12-02 22:46:53,"@OnlyALadHamlin @ArtsyRxmanxv ""Henry's fine around his brother. Away from his brother is when he's a menace"" Lookin‚Ä¶ https://t.co/ZYqEVIBjUl"
2020-12-02 22:35:54,"@ArtsyRxmanxv ""You're on!"" Henry grinned and snatched Jack's wallet out of his pocket"
2020-12-02 22:02:11,@ArtsyRxmanxv Patrick was laughing as he sang him his favorite song then Henry stepped in and smiled looking at Jack and Robbie
2020-12-02 20:16:03,"@IamSean90 Two Years Before the Mast by Richard Henry Dana Jr. (Nonfiction)

Hyperion by Dan Simmons. (Fiction)

Ev‚Ä¶ https://t.co/31iOy5MXB0"
2020-12-02 20:15:06,"Juice WRLD &amp; Benny Blanco - Real Shit (Audio, Lyrics)
Producer(s): Dylan Brady, Jack Karaszewski, Henry Kwapis, Cas‚Ä¶ https://t.co/mlksx7l8K9"
2020-12-02 20:10:27,"Lionel messi dribbling
Point blank thailand tournament
Boedoet vs baskara
Arsenal
Thierry henry
Viking vs the jack‚Ä¶ https://t.co/iRADT3yIFu"
2020-12-02 19:39:55,"Bruce sure has a lot to say for a guy who hasn't won jack shit, huh https://t.co/4tYjCMdEWY"
2020-12-02 19:22:55,@EngNorbridge Jack Beardsley kingfisher year 6 read the next chapter of Horrid Henry gets rich quick page 27-51 and‚Ä¶ https://t.co/ubwieFtQtD
2020-12-02 19:03:50,@ArtsyRxmanxv Ptrick sat up while choking then Henry whacked Jack awake
2020-12-02 18:26:24,Henry Olson doesn't know jack shit https://t.co/tB67O0QLhj
2020-12-02 16:55:54,@jack__pollock @ZwebackHD Did the base icon sbc twice and got Henry twice.. https://t.co/eV1jywf3ZW
2020-12-02 16:49:44,"This job is now open at Jack Henry &amp; Associates, Inc in #Allen, TX. Follow us and turn on mobile alerts to hear abo‚Ä¶ https://t.co/D2KGOSzcIn"
2020-12-02 16:42:54,"RT @PFF: ü•á Damien Harris
ü•à Derrick Henry
ü•â Dalvin Cook

PFF's Highest-Graded RBs of 2020 üèÜ https://t.co/CyhewBo3fY"
2020-12-02 15:16:44,"RT @DLM_NewYork: SAFE: 
REUNITED with FAMILY: JACK,  KAKASHI
RESCUED: HENRY
RESCUED: Small CASSIE, placed with No Paw Left Behind Animal Re‚Ä¶"
2020-12-02 15:02:55,"Now hiring for 25 job opportunities at EmployBridge (@RemedyStaffing), Molina Healthcare (@molinahealth), Jack Henr‚Ä¶ https://t.co/ysTNDFCB4R"
2020-12-02 14:58:19,"@PrdLiberal7 Anyone who puts himself at risk to relieve the suffering of others is a hero, in my books.  Google ""He‚Ä¶ https://t.co/vQP5WNwnUw"
2020-12-02 14:17:15,"RT @dallasnews: üèÜ Congratulations to The Dallas Morning News Top 100 Places to Work 2020 winner @JackHenryAssoc! #DFWPlacestoWork
üîé Company‚Ä¶"
2020-12-02 12:52:17,@Jack_Evans11 I‚Äôm taking Henry against anybody
2020-12-02 09:46:52,"@SheWore Surely we are past this now??I loved Jack as a player, but time to move on and stop thinking we would be g‚Ä¶ https://t.co/q93RBLpnBT"
2020-12-02 09:26:46,New #prodmgmt job: https://t.co/OhhLbAZNga Senior Technical Product Manager at Banno at Jack Henry &amp; Associates
2020-12-02 07:37:10,@JaitkenRacer @WilliamsRacing @F1 Congrats Jack! Fully deserved!
2020-12-02 05:15:54,@ArtsyRxmanxv Henry sighed then went to Jack
2020-12-02 05:13:24,"""In all the years I've been knowin' you and Hawk,"" Henry said, ""I haven't asked for jack squat."" ""Jack or squat has never been stated."""
2020-12-02 05:11:23,"Jack Henry and Associates, Inc. is looking for a remote Implementation Coordinator #workathome #remotework‚Ä¶ https://t.co/oPF4Uc7UuO"
2020-12-02 04:58:54,"This is my Christmas banner
People in here are
Chris Afton
Elizabeth Afton
Ennard
Michael Afton
Axel
Glitchtrap/Ale‚Ä¶ https://t.co/6pouYQ4sOX"
2020-12-02 04:53:29,@ArtsyRxmanxv 'I'm never stressed. Fuck what if I have what Jack and Henry have?!'
2020-12-02 04:52:33,@Exo_R6 @ooziier6 @EvilWaffle_R6 @MangoYuh @RedCubeCasts jack had to step in for henry to secure the dub on match point though üòì
2020-12-02 04:39:10,"@editor_wp @washingtonpost They have names such as Toussaint Louverture, Emperor Jean-Jack Dessalines, Boukman, Rio‚Ä¶ https://t.co/1KNP1VigXH"
2020-12-02 04:14:09,"@slamastack On The Road by Jack Kerouac, Tropic of Cancer by Henry Miller"
2020-12-02 03:40:50,Watched another few minutes of The Last Jedi with boys. I maintain it‚Äôs a Rian Johnson and Star Wars classic and de‚Ä¶ https://t.co/IgGyLYGCai
2020-12-02 03:28:50,@CartelMartian gabbagoo we gotta bury dis muddafucka henry
2020-12-02 03:28:42,"thinking of how earlier in the pandemic Henry McMaster was like ""our state has the potential to be a leader in cont‚Ä¶ https://t.co/jLn0UC8Yx6"
2020-12-02 03:12:20,"üìä&amp;üî¢ from tonight's win over FWHS:

Ayman McGowan: 26 pts. | 8/11 from three
R'Chaun King: 17 pts. | 7 rebs.
Curtis‚Ä¶ https://t.co/xf4f63FwSR"
2020-12-02 02:17:32,"Aaron Henry has joined the Mateen Clevaes, Draymond Green, and Cassius Winston club. He now gets to hold the honor‚Ä¶ https://t.co/Duqc0rayeI"
2020-12-02 02:14:17,Love to see Aaron Henry coaching... but for duke‚Äî yikes the offense is nowhere to be found. Jalen Johnson taking co‚Ä¶ https://t.co/TIDs9hHHei
2020-12-02 01:44:27,RT @NotDavidFerrie: It doesn't matter that they got Jack to knock off Oswald. The justice system in Texas is as crooked as a barrel of snak‚Ä¶
2020-12-02 01:44:13,"@sparrowxswann @theemadhattor Kingüò≠, it was literally one of the worst movies I have ever seen. Henry Turner and Ca‚Ä¶ https://t.co/gCQKHG8Zp9"
2020-12-02 01:42:50,"@Eu_Kaisa Tyrion, Frodo, Misses, Miguel de Cervantes, Arthur Conan Doyle, Edgar Allan poe, Church, Voldemort, Draco‚Ä¶ https://t.co/c4a4PsvWcl"
2020-12-02 01:27:09,"RT @remote_dev_jobs: Software Engineering Manager (Cloud Applications) at Jack Henry &amp; Associates, Inc.¬Æ #Analyst #Angular #Application #Ba‚Ä¶"
2020-12-02 01:27:04,"RT @remote_dev_jobs: Software Engineering Manager (Cloud Applications) at Jack Henry &amp; Associates, Inc.¬Æ #Analyst #Angular #Application #Ba‚Ä¶"
2020-12-02 01:23:40,"Starters for tonight's game against Fayette-Ware:

Curtis Givens
Henry Nickey
Jack Jabbour 
Ayman McGowan
R'Chaun King

#UHoops | #GoOwls"
2020-12-02 01:16:51,"Fast swimming in the 50 Free.  Nolan wins the JV race posting a 28.48.  Maxwell is 3rd (32.68), Jack 5th (35.99) an‚Ä¶ https://t.co/GKkmTvGCBw"
2020-12-02 01:09:46,@MischiefOfOne ((Jack Davidson: Annapolis grad; former Navy Seal / CIA paramilitary; SHIELD operative / STRIKE oper‚Ä¶ https://t.co/wgzMu8BuGd
2020-12-02 00:48:10,"Aaron Henry is crafty as hell, takes a lot of work to get to the rack like that for a floater"
2020-12-02 00:18:16,RT @NotDavidFerrie: It doesn't matter that they got Jack to knock off Oswald. The justice system in Texas is as crooked as a barrel of snak‚Ä¶
2020-12-02 00:11:35,@sunny_in_MN @XianJaneway Enron was not the only firm. Worldcom was even worse. But the entire set of collapses rev‚Ä¶ https://t.co/9dHz2Lwzwg
2020-12-02 00:10:48,"@ErikLoomis well the song ""die with my hammer in my hand"" is now running through my mind 
... but all this was defi‚Ä¶ https://t.co/1X4qUut0q1"
