2020-12-11 01:05:04,"The #L3Harris ROÂ® tactical radio goes to extremes to provide on-the-move, over-the-horizon secure voice, data, andâ€¦ https://t.co/gYB9FIQb08"
2020-12-10 23:54:34,"Systems Engineering Manager: L3Harris is dedicated to recruiting and developing diverse, high-performing talent whoâ€¦ https://t.co/p5JC8sSPW0"
2020-12-10 23:54:32,"Category and Subcontracts Manager: L3Harris is dedicated to recruiting and developing diverse, high-performing taleâ€¦ https://t.co/IK7opHTT92"
2020-12-10 23:09:06,RT @L3HarrisTech: Weâ€™re excited to be part of @BoeingDefense's MQ-25 project and its successful first flight this week! #L3Harris producesâ€¦
2020-12-10 22:10:21,$LHX L3Harris Technologies Awarded Third LRIP Order on US Armyâ€™s Two-Channel Leader Radio Contract https://t.co/6PO0KBVhSl
2020-12-10 22:04:50,RT @L3HarrisTech: Weâ€™re excited to be part of @BoeingDefense's MQ-25 project and its successful first flight this week! #L3Harris producesâ€¦
2020-12-10 22:01:16,.@L3HarrisTech has won a $57M delivery order to supply more two-channel handheld #radios to the @USArmy as part ofâ€¦ https://t.co/cGPAHd0ANk
2020-12-10 21:59:15,Weâ€™re excited to be part of @BoeingDefense's MQ-25 project and its successful first flight this week! #L3Harris proâ€¦ https://t.co/CBJi1Orrh1
2020-12-10 20:34:12,Do you consider yourself someone who works hard? L3Harris Technologies might be looking for someone like you. See iâ€¦ https://t.co/slM92EQxDz
2020-12-10 20:01:52,"New post: @USArmy Orders Additional @L3HarrisTech #FalconIV Handheld; Dana Mehnert Quoted
https://t.co/DmlsmWI7Py"
2020-12-10 19:24:42,"RT @L3HarrisTech: #L3Harris congratulates Lead Software Engineer Emily Smith for receiving @WomeninAero's 2020 Initiative, Inspiration, Impâ€¦"
2020-12-10 19:12:15,"#L3Harris congratulates Lead Software Engineer Emily Smith for receiving @WomeninAero's 2020 Initiative, Inspiratioâ€¦ https://t.co/CCI3xpBdn4"
2020-12-10 18:54:00,You don't want to miss Alex Whittingham (Bristol Ground) School and Tedd Pinkney (L3Harris) discuss ATPL theory traâ€¦ https://t.co/0MYycbdt3g
2020-12-10 18:13:26,RT @L3HarrisTech: #L3Harris is one of 70+ @CatalystInc #CatalystForChange companies outpacing global peers in elevaâ€¦ https://t.co/hu3co5NXM4
2020-12-10 18:03:00,Army Orders Additional L3Harris Falcon IV Handheld; Dana Mehnert Quoted  https://t.co/r2ALaQkBqWâ€¦ https://t.co/cUJK3rxrk3
2020-12-10 18:00:07,"#L3Harris F-16 pilot and operator training solutions have set the standard for realism, effectiveness and efficiencâ€¦ https://t.co/DW3KKAEFUm"
2020-12-10 17:11:25,L3Harris awarded $57 million Army contractÂ  https://t.co/Mq1KSzF5aX
2020-12-10 16:56:13,RT @L3HarrisTech: #L3Harris is one of 70+ @CatalystInc #CatalystForChange companies outpacing global peers in elevating women into leadershâ€¦
2020-12-10 16:52:55,Army awards L3Harris $57M contract for two-channel leader radios | https://t.co/UtMhlXMow4 https://t.co/AS4LPIUKUN
2020-12-10 16:28:00,"RT @theworldindex: World's Largest Arms-Producing Companies in 2019

ğŸ‡ºğŸ‡¸ Lockheed Martin: 53.23 (Sales in USD bn)
ğŸ‡ºğŸ‡¸ Boeing: 33.58
ğŸ‡ºğŸ‡¸ Northrâ€¦"
2020-12-10 16:00:13,"#L3Harris' Rebecca Borrelli, Ph.D., shares what brought her to the field of optical metrology and provides a lessonâ€¦ https://t.co/yWDD6yQ4ey"
2020-12-10 14:15:36,#L3Harris is one of 70+ @CatalystInc #CatalystForChange companies outpacing global peers in elevating women into leâ€¦ https://t.co/ULhTMKihZ8
2020-12-10 11:55:02,"Systems Engineering Manager: L3Harris is dedicated to recruiting and developing diverse, high-performing talent whoâ€¦ https://t.co/Cvxd5VDcU1"
2020-12-10 11:55:01,"Safety and Reliability Engineer: L3Harris is dedicated to recruiting and developing diverse, high-performing talentâ€¦ https://t.co/3qD0FmnCBq"
2020-12-10 11:09:09,Raytheon and Airbus halt contracts for missile tracking satellites from SpaceX and L3Harris - Space Explored https://t.co/ThgSHUv2P1
2020-12-10 09:33:42,"RT @L3HarrisTech: #L3Harris has been awarded a third LRIP order on the @USArmy's two-channel leader radio contract. 

Read the full news reâ€¦"
2020-12-10 07:43:00,#L3Harris Technologies awarded third LRIP order for Falcon IV AN/PRC-163 two-channel handheld radios as part ofâ€¦ https://t.co/7iv82qH6SA
2020-12-10 07:34:42,.@L3HarrisTech has received a $57 million (â‚¬47 million) competitive award for its #FALCON_IV AN/PRC-163â€¦ https://t.co/2zIADGWnQU
2020-12-10 03:49:32,L3Harris Technologies Awarded Third LRIP Order on US Army's Two-Channel Leader Radio Contract - Business Wire https://t.co/r7lkmTYkQZ
2020-12-10 02:21:22,"RT @theworldindex: World's Largest Arms-Producing Companies in 2019

ğŸ‡ºğŸ‡¸ Lockheed Martin: 53.23 (Sales in USD bn)
ğŸ‡ºğŸ‡¸ Boeing: 33.58
ğŸ‡ºğŸ‡¸ Northrâ€¦"
2020-12-10 01:35:32,L3Harris Technologies Awarded Third LRIP Order on US Army's Two-Channel Leader Radio Contract https://t.co/6uv6LYe65o
2020-12-10 01:10:23,"RT @SpaceFoundation: Join SES Leanne Rehme as she interviews Celeste Vazquez Lugo, Senior Associate Image Science Engineer at @L3HarrisTechâ€¦"
2020-12-10 00:26:45,L3Harris Technologies Awarded Third LRIP Order on US Armyâ€™s Two-Channel Leader RadioÂ Contract https://t.co/t5qTZHV1QS
2020-12-09 23:16:36,"Join SES Leanne Rehme as she interviews Celeste Vazquez Lugo, Senior Associate Image Science Engineer atâ€¦ https://t.co/Q1TQKfexuA"
2020-12-09 23:16:32,"Join SES Leanne Rehme as she interviews Celeste Vazquez Lugo, Senior Associate Image Science Engineer atâ€¦ https://t.co/2cp8qd3LqO"
2020-12-09 23:02:03,"(2/3) This event was made possible w/: 
BigOFam399
@generationsfcu 
@NISDJay 
L3Harris/Dailey-Wells
@McDonaldsâ€¦ https://t.co/okUdRia0qL"
2020-12-09 22:48:17,"@MBeinart22 In other Army news, @MBeinart22 writes - L3Harris Receives $57 Million Order From Army For Two-Channelâ€¦ https://t.co/eo9FYlLsfc"
2020-12-09 22:01:07,SCHUMER: L3HARRIS TO MAKE RADIOS UNDER THIRD U.S. ARMY CONTRACT WORTH $57 MILLION; SENATOR SAYS ARMY RECOGNIZES ROCâ€¦ https://t.co/5VAeiKDvzj
2020-12-09 21:35:46,"Conference attendees can access all exhibition materials, and sponsors like Lockheed, Boeing, Booz Allen, SAIC, andâ€¦ https://t.co/KIs1pQndNT"
2020-12-09 21:23:06,"RT @L3HarrisTech: #L3Harris has been awarded a third LRIP order on the @USArmy's two-channel leader radio contract. 

Read the full news reâ€¦"
2020-12-09 20:53:32,L3Harris draws new $57M order on Army two-channel radio contract https://t.co/ePuRItEKpN
2020-12-09 20:53:10,L3Harris draws new $57M order on Army two-channel radio contract https://t.co/EI8s8ZQp7H
2020-12-09 20:51:55,"RT @L3HarrisTech: #L3Harris has been awarded a third LRIP order on the @USArmy's two-channel leader radio contract. 

Read the full news reâ€¦"
2020-12-09 19:30:37,L3Harris wins third LRIP order on U.S. Army's two-channel Leader radio contract | $LHX
2020-12-09 19:28:04,"$LHX L3Harris Technologies Awarded Third LRIP Order on US Armyâ€™s Two-Channel Leader Radio Contract
https://t.co/vyomcL4Z7M"
2020-12-09 19:26:26,"L3Harris wins third LRIP order on U.S. Army's two-channel Leader radio contract
$LHX"
2020-12-09 19:13:44,"RT @L3HarrisTech: #L3Harris has been awarded a third LRIP order on the @USArmy's two-channel leader radio contract. 

Read the full news reâ€¦"
2020-12-09 19:09:01,RT @AOPA: Turbine helicopter manufacturers and pilots around the world are pairing up the L3Harris ESI-500 Electronic Standby Instrument Syâ€¦
2020-12-09 19:00:07,"#L3Harris has been awarded a third LRIP order on the @USArmy's two-channel leader radio contract. 

Read the full nâ€¦ https://t.co/6UkMd9kcru"
2020-12-09 18:48:09,Get the best geospatial data for your project! L3Harris offers the largest selection of geospatial products worldwiâ€¦ https://t.co/VgPYZyTy15
2020-12-09 18:32:29,"Intelsat welcomes @L3HarrisTech as a valued FlexMove solution partner! With the ubiquitous, HTS services that FlexMâ€¦ https://t.co/KaWijpQNQM"
2020-12-09 18:17:05,RT @Space_Explored: Raytheon and Airbus halt contracts for missile tracking satellites from SpaceX and L3Harris https://t.co/pGCvcLLA6X byâ€¦
2020-12-09 18:16:51,Raytheon and Airbus halt contracts for missile tracking satellites from SpaceX and L3Harris https://t.co/pGCvcLLA6X by @SethKurk
2020-12-09 17:35:52,"World's Largest Arms-Producing Companies in 2019

ğŸ‡ºğŸ‡¸ Lockheed Martin: 53.23 (Sales in USD bn)
ğŸ‡ºğŸ‡¸ Boeing: 33.58
ğŸ‡ºğŸ‡¸ Nâ€¦ https://t.co/538nxEXlva"
2020-12-09 16:42:35,"RT @WeHaveMECO: Raytheon Files Second Protest of SDA Awards to SpaceX, L3Harris

https://t.co/2CkPjagALf"
2020-12-09 16:07:16,"Max Deacon, a cadet currently undertaking Ground School at the London Training Centre (LTC), shares five reasons whâ€¦ https://t.co/ZQUU6VHOBI"
2020-12-09 15:30:11,#L3Harrisâ€™ Shadowâ„¢ satellite terminal is now qualified to operate with @INTELSAT's FlexMove International Services.â€¦ https://t.co/1i9nowHdEg
2020-12-09 14:51:34,RT @L3HarrisTech: The open architecture design of #L3Harris' ALQ-214 (IDECM) F/A-18 countermeasure system allows quick modifications for evâ€¦
2020-12-09 14:42:54,"Supporting communication, surveillance and safety demands, L3Harris is proud to be a trusted partner of the @FAA.
Â â€¦ https://t.co/USYZNGrdgS"
2020-12-09 14:21:35,"Raytheon Files Second Protest of SDA Awards to SpaceX, L3Harris

https://t.co/2CkPjagALf"
2020-12-09 14:05:06,The open architecture design of #L3Harris' ALQ-214 (IDECM) F/A-18 countermeasure system allows quick modificationsâ€¦ https://t.co/Ax3B1js0KR
2020-12-09 13:40:28,"Voice Communications Systems Solutions Market 2020 Industry Key Players, Trends, Sales, Supply, Demand, Analysis &amp;â€¦ https://t.co/7xJEIkM6fF"
2020-12-09 11:40:01,RT @swissbusiness: L3Harris to deliver EO/IR sighting systems to Swiss Armed Forces - Army Technology https://t.co/q3mpNrNbca
2020-12-09 11:39:31,L3Harris to deliver EO/IR sighting systems to Swiss Armed Forces - Army Technology https://t.co/q3mpNrNbca
2020-12-09 11:16:38,"RT @theworldindex: World's Largest Arms-Producing Companies in 2019

ğŸ‡ºğŸ‡¸ Lockheed Martin: 53.23 (Sales in USD bn)
ğŸ‡ºğŸ‡¸ Boeing: 33.58
ğŸ‡ºğŸ‡¸ Northrâ€¦"
2020-12-09 11:10:23,"RT @aw3d_sales_team: Our partner, L3Harris Technologies has posted an article about a recent project of U.S. Department of Defense (DoD). Aâ€¦"
2020-12-09 11:09:24,"RT @theworldindex: World's Largest Arms-Producing Companies in 2019

ğŸ‡ºğŸ‡¸ Lockheed Martin: 53.23 (Sales in USD bn)
ğŸ‡ºğŸ‡¸ Boeing: 33.58
ğŸ‡ºğŸ‡¸ Northrâ€¦"
2020-12-09 10:44:31,"RT @theworldindex: World's Largest Arms-Producing Companies in 2019

ğŸ‡ºğŸ‡¸ Lockheed Martin: 53.23 (Sales in USD bn)
ğŸ‡ºğŸ‡¸ Boeing: 33.58
ğŸ‡ºğŸ‡¸ Northrâ€¦"
2020-12-09 10:43:47,"RT @theworldindex: World's Largest Arms-Producing Companies in 2019

ğŸ‡ºğŸ‡¸ Lockheed Martin: 53.23 (Sales in USD bn)
ğŸ‡ºğŸ‡¸ Boeing: 33.58
ğŸ‡ºğŸ‡¸ Northrâ€¦"
2020-12-09 10:06:02,"Our partner, L3Harris Technologies has posted an article about a recent project of U.S. Department of Defense (DoD)â€¦ https://t.co/08gospaEbB"
2020-12-09 08:49:32,"RT @theworldindex: World's Largest Arms-Producing Companies in 2019

ğŸ‡ºğŸ‡¸ Lockheed Martin: 53.23 (Sales in USD bn)
ğŸ‡ºğŸ‡¸ Boeing: 33.58
ğŸ‡ºğŸ‡¸ Northrâ€¦"
2020-12-09 08:39:46,"RT @theworldindex: World's Largest Arms-Producing Companies in 2019

ğŸ‡ºğŸ‡¸ Lockheed Martin: 53.23 (Sales in USD bn)
ğŸ‡ºğŸ‡¸ Boeing: 33.58
ğŸ‡ºğŸ‡¸ Northrâ€¦"
2020-12-09 08:39:28,"RT @theworldindex: World's Largest Arms-Producing Companies in 2019

ğŸ‡ºğŸ‡¸ Lockheed Martin: 53.23 (Sales in USD bn)
ğŸ‡ºğŸ‡¸ Boeing: 33.58
ğŸ‡ºğŸ‡¸ Northrâ€¦"
2020-12-09 07:10:18,Commercial Satellite Imagery Market Size And Forecast (2020-2026)| With Post Impact Of Covid-19 By Top Leading Playâ€¦ https://t.co/kC0vKQooEx
2020-12-09 06:28:43,"RT @theworldindex: World's Largest Arms-Producing Companies in 2019

ğŸ‡ºğŸ‡¸ Lockheed Martin: 53.23 (Sales in USD bn)
ğŸ‡ºğŸ‡¸ Boeing: 33.58
ğŸ‡ºğŸ‡¸ Northrâ€¦"
2020-12-09 05:45:23,"RT @theworldindex: World's Largest Arms-Producing Companies in 2019

ğŸ‡ºğŸ‡¸ Lockheed Martin: 53.23 (Sales in USD bn)
ğŸ‡ºğŸ‡¸ Boeing: 33.58
ğŸ‡ºğŸ‡¸ Northrâ€¦"
2020-12-09 04:38:12,"RT @theworldindex: World's Largest Arms-Producing Companies in 2019

ğŸ‡ºğŸ‡¸ Lockheed Martin: 53.23 (Sales in USD bn)
ğŸ‡ºğŸ‡¸ Boeing: 33.58
ğŸ‡ºğŸ‡¸ Northrâ€¦"
2020-12-09 03:45:54,"RT @theworldindex: World's Largest Arms-Producing Companies in 2019

ğŸ‡ºğŸ‡¸ Lockheed Martin: 53.23 (Sales in USD bn)
ğŸ‡ºğŸ‡¸ Boeing: 33.58
ğŸ‡ºğŸ‡¸ Northrâ€¦"
2020-12-09 03:42:15,"RT @theworldindex: World's Largest Arms-Producing Companies in 2019

ğŸ‡ºğŸ‡¸ Lockheed Martin: 53.23 (Sales in USD bn)
ğŸ‡ºğŸ‡¸ Boeing: 33.58
ğŸ‡ºğŸ‡¸ Northrâ€¦"
2020-12-09 02:51:43,"RT @theworldindex: World's Largest Arms-Producing Companies in 2019

ğŸ‡ºğŸ‡¸ Lockheed Martin: 53.23 (Sales in USD bn)
ğŸ‡ºğŸ‡¸ Boeing: 33.58
ğŸ‡ºğŸ‡¸ Northrâ€¦"
2020-12-09 02:03:38,"RT @theworldindex: World's Largest Arms-Producing Companies in 2019

ğŸ‡ºğŸ‡¸ Lockheed Martin: 53.23 (Sales in USD bn)
ğŸ‡ºğŸ‡¸ Boeing: 33.58
ğŸ‡ºğŸ‡¸ Northrâ€¦"
2020-12-09 01:40:36,"RT @theworldindex: World's Largest Arms-Producing Companies in 2019

ğŸ‡ºğŸ‡¸ Lockheed Martin: 53.23 (Sales in USD bn)
ğŸ‡ºğŸ‡¸ Boeing: 33.58
ğŸ‡ºğŸ‡¸ Northrâ€¦"
2020-12-09 01:21:44,"RT @theworldindex: World's Largest Arms-Producing Companies in 2019

ğŸ‡ºğŸ‡¸ Lockheed Martin: 53.23 (Sales in USD bn)
ğŸ‡ºğŸ‡¸ Boeing: 33.58
ğŸ‡ºğŸ‡¸ Northrâ€¦"
2020-12-09 00:39:10,"RT @theworldindex: World's Largest Arms-Producing Companies in 2019

ğŸ‡ºğŸ‡¸ Lockheed Martin: 53.23 (Sales in USD bn)
ğŸ‡ºğŸ‡¸ Boeing: 33.58
ğŸ‡ºğŸ‡¸ Northrâ€¦"
2020-12-09 00:30:19,Turbine helicopter manufacturers and pilots around the world are pairing up the L3Harris ESI-500 Electronic Standbyâ€¦ https://t.co/URCv87bfg7
2020-12-09 00:27:27,"RT @theworldindex: World's Largest Arms-Producing Companies in 2019

ğŸ‡ºğŸ‡¸ Lockheed Martin: 53.23 (Sales in USD bn)
ğŸ‡ºğŸ‡¸ Boeing: 33.58
ğŸ‡ºğŸ‡¸ Northrâ€¦"
2020-12-09 00:15:28,"RT @theworldindex: World's Largest Arms-Producing Companies in 2019

ğŸ‡ºğŸ‡¸ Lockheed Martin: 53.23 (Sales in USD bn)
ğŸ‡ºğŸ‡¸ Boeing: 33.58
ğŸ‡ºğŸ‡¸ Northrâ€¦"
2020-12-09 00:08:52,"RT @theworldindex: World's Largest Arms-Producing Companies in 2019

ğŸ‡ºğŸ‡¸ Lockheed Martin: 53.23 (Sales in USD bn)
ğŸ‡ºğŸ‡¸ Boeing: 33.58
ğŸ‡ºğŸ‡¸ Northrâ€¦"
2020-12-09 00:00:57,"RT @theworldindex: World's Largest Arms-Producing Companies in 2019

ğŸ‡ºğŸ‡¸ Lockheed Martin: 53.23 (Sales in USD bn)
ğŸ‡ºğŸ‡¸ Boeing: 33.58
ğŸ‡ºğŸ‡¸ Northrâ€¦"
2020-12-08 23:56:56,"RT @theworldindex: World's Largest Arms-Producing Companies in 2019

ğŸ‡ºğŸ‡¸ Lockheed Martin: 53.23 (Sales in USD bn)
ğŸ‡ºğŸ‡¸ Boeing: 33.58
ğŸ‡ºğŸ‡¸ Northrâ€¦"
2020-12-08 23:56:51,"RT @theworldindex: World's Largest Arms-Producing Companies in 2019

ğŸ‡ºğŸ‡¸ Lockheed Martin: 53.23 (Sales in USD bn)
ğŸ‡ºğŸ‡¸ Boeing: 33.58
ğŸ‡ºğŸ‡¸ Northrâ€¦"
2020-12-08 23:48:53,"RT @theworldindex: World's Largest Arms-Producing Companies in 2019

ğŸ‡ºğŸ‡¸ Lockheed Martin: 53.23 (Sales in USD bn)
ğŸ‡ºğŸ‡¸ Boeing: 33.58
ğŸ‡ºğŸ‡¸ Northrâ€¦"
2020-12-08 23:48:19,"RT @theworldindex: World's Largest Arms-Producing Companies in 2019

ğŸ‡ºğŸ‡¸ Lockheed Martin: 53.23 (Sales in USD bn)
ğŸ‡ºğŸ‡¸ Boeing: 33.58
ğŸ‡ºğŸ‡¸ Northrâ€¦"
2020-12-08 23:27:34,"RT @theworldindex: World's Largest Arms-Producing Companies in 2019

ğŸ‡ºğŸ‡¸ Lockheed Martin: 53.23 (Sales in USD bn)
ğŸ‡ºğŸ‡¸ Boeing: 33.58
ğŸ‡ºğŸ‡¸ Northrâ€¦"
2020-12-08 23:16:18,"RT @theworldindex: World's Largest Arms-Producing Companies in 2019

ğŸ‡ºğŸ‡¸ Lockheed Martin: 53.23 (Sales in USD bn)
ğŸ‡ºğŸ‡¸ Boeing: 33.58
ğŸ‡ºğŸ‡¸ Northrâ€¦"
2020-12-08 23:13:36,"RT @theworldindex: World's Largest Arms-Producing Companies in 2019

ğŸ‡ºğŸ‡¸ Lockheed Martin: 53.23 (Sales in USD bn)
ğŸ‡ºğŸ‡¸ Boeing: 33.58
ğŸ‡ºğŸ‡¸ Northrâ€¦"
2020-12-08 23:13:30,"RT @theworldindex: World's Largest Arms-Producing Companies in 2019

ğŸ‡ºğŸ‡¸ Lockheed Martin: 53.23 (Sales in USD bn)
ğŸ‡ºğŸ‡¸ Boeing: 33.58
ğŸ‡ºğŸ‡¸ Northrâ€¦"
2020-12-08 23:10:50,"RT @theworldindex: World's Largest Arms-Producing Companies in 2019

ğŸ‡ºğŸ‡¸ Lockheed Martin: 53.23 (Sales in USD bn)
ğŸ‡ºğŸ‡¸ Boeing: 33.58
ğŸ‡ºğŸ‡¸ Northrâ€¦"
2020-12-08 23:09:40,"RT @theworldindex: World's Largest Arms-Producing Companies in 2019

ğŸ‡ºğŸ‡¸ Lockheed Martin: 53.23 (Sales in USD bn)
ğŸ‡ºğŸ‡¸ Boeing: 33.58
ğŸ‡ºğŸ‡¸ Northrâ€¦"
2020-12-08 23:09:19,"RT @theworldindex: World's Largest Arms-Producing Companies in 2019

ğŸ‡ºğŸ‡¸ Lockheed Martin: 53.23 (Sales in USD bn)
ğŸ‡ºğŸ‡¸ Boeing: 33.58
ğŸ‡ºğŸ‡¸ Northrâ€¦"
2020-12-08 23:06:57,"RT @theworldindex: World's Largest Arms-Producing Companies in 2019

ğŸ‡ºğŸ‡¸ Lockheed Martin: 53.23 (Sales in USD bn)
ğŸ‡ºğŸ‡¸ Boeing: 33.58
ğŸ‡ºğŸ‡¸ Northrâ€¦"
2020-12-08 23:05:58,"RT @theworldindex: World's Largest Arms-Producing Companies in 2019

ğŸ‡ºğŸ‡¸ Lockheed Martin: 53.23 (Sales in USD bn)
ğŸ‡ºğŸ‡¸ Boeing: 33.58
ğŸ‡ºğŸ‡¸ Northrâ€¦"
2020-12-08 23:05:56,"RT @theworldindex: World's Largest Arms-Producing Companies in 2019

ğŸ‡ºğŸ‡¸ Lockheed Martin: 53.23 (Sales in USD bn)
ğŸ‡ºğŸ‡¸ Boeing: 33.58
ğŸ‡ºğŸ‡¸ Northrâ€¦"
2020-12-08 23:05:43,"RT @theworldindex: World's Largest Arms-Producing Companies in 2019

ğŸ‡ºğŸ‡¸ Lockheed Martin: 53.23 (Sales in USD bn)
ğŸ‡ºğŸ‡¸ Boeing: 33.58
ğŸ‡ºğŸ‡¸ Northrâ€¦"
2020-12-08 23:05:21,"RT @theworldindex: World's Largest Arms-Producing Companies in 2019

ğŸ‡ºğŸ‡¸ Lockheed Martin: 53.23 (Sales in USD bn)
ğŸ‡ºğŸ‡¸ Boeing: 33.58
ğŸ‡ºğŸ‡¸ Northrâ€¦"
2020-12-08 23:05:11,"RT @theworldindex: World's Largest Arms-Producing Companies in 2019

ğŸ‡ºğŸ‡¸ Lockheed Martin: 53.23 (Sales in USD bn)
ğŸ‡ºğŸ‡¸ Boeing: 33.58
ğŸ‡ºğŸ‡¸ Northrâ€¦"
2020-12-08 23:05:02,"RT @theworldindex: World's Largest Arms-Producing Companies in 2019

ğŸ‡ºğŸ‡¸ Lockheed Martin: 53.23 (Sales in USD bn)
ğŸ‡ºğŸ‡¸ Boeing: 33.58
ğŸ‡ºğŸ‡¸ Northrâ€¦"
2020-12-08 23:05:00,"RT @theworldindex: World's Largest Arms-Producing Companies in 2019

ğŸ‡ºğŸ‡¸ Lockheed Martin: 53.23 (Sales in USD bn)
ğŸ‡ºğŸ‡¸ Boeing: 33.58
ğŸ‡ºğŸ‡¸ Northrâ€¦"
2020-12-08 23:04:59,"RT @theworldindex: World's Largest Arms-Producing Companies in 2019

ğŸ‡ºğŸ‡¸ Lockheed Martin: 53.23 (Sales in USD bn)
ğŸ‡ºğŸ‡¸ Boeing: 33.58
ğŸ‡ºğŸ‡¸ Northrâ€¦"
2020-12-08 23:04:39,"RT @theworldindex: World's Largest Arms-Producing Companies in 2019

ğŸ‡ºğŸ‡¸ Lockheed Martin: 53.23 (Sales in USD bn)
ğŸ‡ºğŸ‡¸ Boeing: 33.58
ğŸ‡ºğŸ‡¸ Northrâ€¦"
2020-12-08 23:04:09,"World's Largest Arms-Producing Companies in 2019

ğŸ‡ºğŸ‡¸ Lockheed Martin: 53.23 (Sales in USD bn)
ğŸ‡ºğŸ‡¸ Boeing: 33.58
ğŸ‡ºğŸ‡¸ Nâ€¦ https://t.co/hI5QZtKCrb"
2020-12-08 23:01:18,"$LHX:

New Insider Filing on L3HARRIS TECHNOLOGIES, INC. /DE/'s

VP, Principal Accting. Officer

TODD A. TAYLOR:

https://t.co/j52sGcMs80"
2020-12-08 22:35:59,"#FWSells $LHX Taylor Todd A., VP, Principal Accting. Officer of L3HARRIS TECHNOLOGIES, INC. /DE/ sold 4,976 sharesâ€¦ https://t.co/LM9HC0uz28"
2020-12-08 18:40:00,@Stonekettle Let's look at ol' Matty's donor list shall we? Coming in at #5: L3Harris. https://t.co/lAJbg32V4b
2020-12-08 16:56:16,"RT @MichaelSDeVries: RT ""$EMAN - sole display provider for ENVG-B to both L3Harris &amp; Elbit ... "" =&gt; https://t.co/i0JTVhFKsf 

 #eMagin #Nigâ€¦"
2020-12-08 16:56:04,"RT @MichaelSDeVries: RT ""$EMAN - sole display provider for ENVG-B to both L3Harris &amp; Elbit ... "" =&gt; https://t.co/i0JTVhFKsf 

 #eMagin #Nigâ€¦"
2020-12-08 16:54:00,"RT ""$EMAN - sole display provider for ENVG-B to both L3Harris &amp; Elbit ... "" =&gt; https://t.co/i0JTVhFKsf 

 #eMaginâ€¦ https://t.co/o6iVhY01Sk"
2020-12-08 16:29:22,"RT @McObject: We count among our customers Aselsan, STM A.S., British Aerospace, Bombardier, DSTA, DSO National Labs, IAI MLM, Jeppesen, L3â€¦"
2020-12-08 15:05:06,The #L3Harris #SmallSat perimeter truss reflector is a mechanically optimized space antenna for smallsat applicatioâ€¦ https://t.co/xQIBXFnqPf
2020-12-08 10:30:23,"HR Coordinator
@L3HarrisTech #Tewkesbury
Apply here https://t.co/6XStQZhf5I
#GlosJobs https://t.co/TtIy2dBWZw"
2020-12-08 07:05:00,RT @AviationWeek: Join L3Harris for a complimentary webinar tomorrow at 11:00am SGT to learn how to leverage and make meaningful improvemenâ€¦
2020-12-08 02:49:23,Join L3Harris for a complimentary webinar tomorrow at 11:00am SGT to learn how to leverage and make meaningful imprâ€¦ https://t.co/uZE7GPJmJY
2020-12-07 21:46:33,"We are pleased to have aided our client in securing issuance of U.S. Patent No. 10,826,812.  This patent relates toâ€¦ https://t.co/Mz0rdb7E9H"
2020-12-07 19:43:14,"A great employer in #UpstateNewYork is @L3HarrisTech 
They are currently looking to hire a Lead, System Engineer -â€¦ https://t.co/bXADPVMu2u"
2020-12-07 19:40:59,"RT @McObject: We count among our customers Aselsan, STM A.S., British Aerospace, Bombardier, DSTA, DSO National Labs, IAI MLM, Jeppesen, L3â€¦"
2020-12-07 19:38:45,"We count among our customers Aselsan, STM A.S., British Aerospace, Bombardier, DSTA, DSO National Labs, IAI MLM, Jeâ€¦ https://t.co/phipej4p9L"
2020-12-07 19:27:25,"RT @L3HarrisTech: In support of the DoDâ€™s new EMS strategy, #L3Harris is investing to ensure warfighters have innovative multi-function solâ€¦"
2020-12-07 19:23:18,"RT @L3HarrisTech: In support of the DoDâ€™s new EMS strategy, #L3Harris is investing to ensure warfighters have innovative multi-function solâ€¦"
2020-12-07 19:08:07,"RT @L3HarrisTech: In support of the DoDâ€™s new EMS strategy, #L3Harris is investing to ensure warfighters have innovative multi-function solâ€¦"
2020-12-07 19:05:06,"In support of the DoDâ€™s new EMS strategy, #L3Harris is investing to ensure warfighters have innovative multi-functiâ€¦ https://t.co/vTGbenn4Ak"
2020-12-07 16:34:26,RT @L3HarrisTech: L3Harris is looking forward to â€œseeingâ€ everyone virtually at the @ATCA_now Annual Conference this week. To learn more abâ€¦
2020-12-07 16:07:25,RT @L3HarrisTech: L3Harris is looking forward to â€œseeingâ€ everyone virtually at the @ATCA_now Annual Conference this week. To learn more abâ€¦
2020-12-07 16:00:10,L3Harris is looking forward to â€œseeingâ€ everyone virtually at the @ATCA_now Annual Conference this week. To learn mâ€¦ https://t.co/mBH4bEiEiE
2020-12-07 13:21:39,RT @L3HarrisTech: The @USNavy has selected the #L3Harris FVR-90 to participate in phase two of a demonstration to identify a #UAS capable oâ€¦
2020-12-07 11:24:25,"RT @L3Harris_CA: L3Harrisâ€™ SRVIVR25, 25-hour cockpit voice recorder, has received Technical Standard Order (TSO) certification from the FAAâ€¦"
2020-12-07 05:58:17,Another newcomer in the top 25 in 2019 was L3Harris Technologies (ranked 10th). It was created through the merger oâ€¦ https://t.co/eWaKTwWzxb
2020-12-06 18:35:04,L3Harris Technologies is looking for aÂ Vulnerability Research/Reverse Engineer-Remote WorkÂ â€¦ https://t.co/lxH2HlrJYJ
2020-12-06 14:00:00,"QUINTE IS HIRING!

L3Harris is hiring a Material Management Specialist in Quinte West. To see full post and apply vâ€¦ https://t.co/QyMnJZsw86"
2020-12-06 03:59:14,L3Harris also offers a variety of flight data recorders that meet the NTSB and EASA recommendations for helicoptersâ€¦ https://t.co/poMOHKf5bE
2020-12-06 02:36:13,"Also L3Harris, https://t.co/Lcwv7qjq9R."
2020-12-06 00:55:27,"RT @defpostmedia: #USSpaceForce awards MGUE Increment 2 contracts to #CollinsAerospace, #L3Harris and #Raytheon. @SpaceForceDoD @CollinsAerâ€¦"
2020-12-05 20:28:36,"#USSpaceForce awards MGUE Increment 2 contracts to #CollinsAerospace, #L3Harris and #Raytheon. @SpaceForceDoDâ€¦ https://t.co/hCIWUk4yMG"
2020-12-05 20:25:24,"Conference attendees can access all exhibition materials, and sponsors like Lockheed, Boeing, Booz Allen, SAIC, andâ€¦ https://t.co/04MAV5p6RD"
2020-12-05 18:34:26,RT @SAPOABlueCares: Watch the highlights from our 29th Annual L3Harris/Dailey-Wells Blue Santa Golf Tournament! ğŸ…â›³ https://t.co/Hf6cTcvLuR
2020-12-05 18:13:26,Watch the highlights from our 29th Annual L3Harris/Dailey-Wells Blue Santa Golf Tournament! ğŸ…â›³ https://t.co/Hf6cTcvLuR
2020-12-05 18:05:03,How to Trade: Long Term Investing Plans for L3harris Technologies Inc $LHX Updated 12520 https://t.co/9ntA0o5uvO Clâ€¦ https://t.co/LUiyt1qtrJ
2020-12-05 16:18:37,"For the 2020 cycle, Pete King's top three contributors are: L3Harris Technologies ($10,000.00), UBS AG ($10,000.00)â€¦ https://t.co/F5XP62sXEf"
2020-12-05 15:09:12,Lafayette LA USA - Electrical Engineer - Working with the L3Harris's engineering team you': Working with the L3Harrâ€¦ https://t.co/TJPmoAt0Z2
2020-12-05 14:11:13,"RT @SFDCenter: Join our own Leanne Rehme as she interviews Matthew East, Lead Opto-Mechanical Engineer at @L3HarrisTech, for this virtual Sâ€¦"
2020-12-05 14:03:38,"RT @SFDCenter: Join our own Leanne Rehme as she interviews Matthew East, Lead Opto-Mechanical Engineer at @L3HarrisTech, for this virtual Sâ€¦"
2020-12-05 12:42:17,"Voice Communications Systems Solutions Market 2020 In-Depth Analysis of Industry Share, Size, Growth Outlook up toâ€¦ https://t.co/MjCJIem6dL"
2020-12-05 11:27:59,RT @L3HarrisTech: #L3Harris is honored to support the German Ministry of Defence @BMVg_Bundeswehr with advanced networking capabilities forâ€¦
2020-12-05 06:54:25,"RT @SFDCenter: Join Ruth Butler as she sits down to interview Carolyn Cossavella, Senior Director of Engineering at L3Harris. Also, Jeff Goâ€¦"
2020-12-04 23:21:29,"RT @SFDCenter: Join Ruth Butler as she sits down to interview Carolyn Cossavella, Senior Director of Engineering at L3Harris. Also, Jeff Goâ€¦"
2020-12-04 23:21:24,"RT @SpaceFoundation: Join Ruth Butler as she sits down to interview Carolyn Cossavella, Senior Director of Engineering at L3Harris. Also, Jâ€¦"
2020-12-04 21:57:08,"@L3Harris_CA @manor_royal And you still have not received an invite, to fly a plane .in you building, as George andâ€¦ https://t.co/0XFc88R6oE"
2020-12-04 21:02:24,RT @TheSLAMR: Check it out! @USNavy  selects @L3HarrisTech's FVR-90 for further #UAS #technology demonstration. @jifx events assisted withâ€¦
2020-12-04 20:29:40,"RT @L3Harris_CA: L3Harrisâ€™ SRVIVR25, 25-hour cockpit voice recorder, has received Technical Standard Order (TSO) certification from the FAAâ€¦"
2020-12-04 20:09:04,EM Solutions secures second L3Harris order #EMSolutions #L3Harris #VSAT #MilitarySpace #Satcoms #Satelliteâ€¦ https://t.co/iGQCcLxyvJ
2020-12-04 19:11:45,"Join Ruth Butler as she sits down to interview Carolyn Cossavella, Senior Director of Engineering at L3Harris. Alsoâ€¦ https://t.co/rKhxuQ1Qvh"
2020-12-04 19:11:39,"Join Ruth Butler as she sits down to interview Carolyn Cossavella, Senior Director of Engineering at L3Harris. Alsoâ€¦ https://t.co/sTF8ESlN1w"
2020-12-04 19:03:45,RT @L3HarrisTech: An #L3Harris-led team is transforming the @usairforce's flight simulator training system through its SCARS program. SCARSâ€¦
2020-12-04 18:31:45,"RT @L3Harris_CA: L3Harrisâ€™ SRVIVR25, 25-hour cockpit voice recorder, has received Technical Standard Order (TSO) certification from the FAAâ€¦"
2020-12-04 18:29:12,"L3Harrisâ€™ SRVIVR25, 25-hour cockpit voice recorder, has received Technical Standard Order (TSO) certification fromâ€¦ https://t.co/URhcLb8CVp"
2020-12-04 18:00:09,#L3Harris is honored to support the German Ministry of Defence @BMVg_Bundeswehr with advanced networking capabilitiâ€¦ https://t.co/VEO9zLOHL9
2020-12-04 17:12:33,"RT @iitsec: Thank you to #vIITSEC Premier Sponsors: CAE, Collins Aerospace, Unreal Engine, L3Harris, Lockheed Martin, and SAIC! Visit httpsâ€¦"
2020-12-04 16:35:03,"Thank you to #vIITSEC Premier Sponsors: CAE, Collins Aerospace, Unreal Engine, L3Harris, Lockheed Martin, and SAIC!â€¦ https://t.co/wSnFbufI9r"
2020-12-04 16:08:25,RT @L3HarrisTech: An #L3Harris-led team is transforming the @usairforce's flight simulator training system through its SCARS program. SCARSâ€¦
2020-12-04 16:06:29,"Submitted: ""L3Harris products (Houston Police Department)"" by Owen99

https://t.co/oguPAf1ttB"
2020-12-04 16:06:26,"Submitted: ""L3Harris products (Harris County Sheriff's Office)"" by Owen99

https://t.co/lLURpLtX3K"
2020-12-04 16:02:59,RT @L3HarrisTech: An #L3Harris-led team is transforming the @usairforce's flight simulator training system through its SCARS program. SCARSâ€¦
2020-12-04 16:00:25,An #L3Harris-led team is transforming the @usairforce's flight simulator training system through its SCARS program.â€¦ https://t.co/HnhI2qAMMT
2020-12-04 15:34:24,"L3Harris Technologies is #hiring a Lead, Subcontracts. Check out their job offer. #california #losangeles https://t.co/qqdFeTR431"
2020-12-04 14:03:15,RT @L3HarrisTech: #L3Harrisâ€™ RASISRâ„¢ pod delivers a cutting-edge SIGINT capability and an affordable new dimension to enhance ISR aimed atâ€¦
2020-12-04 14:01:08,"#L3Harris is proud to support the 19 Napo Jungle Brigade with secure communications solutions and support. 

https://t.co/SRUrCLoCOk"
2020-12-04 10:46:57,Digital ATC Tower Market 2020: (COVID-19 UPDATE) Future Challenges and Industry Growth Outlook 2027 Key Companies:â€¦ https://t.co/EGsNSFXoMx
2020-12-04 10:42:10,"Firms #SEE has/had confirmed deals and/or worked with:

L3Harris
Alaska Airlines
Emirates
Qantas Airways
FedEx Exprâ€¦ https://t.co/SzSRYPQfrx"
2020-12-04 07:27:35,US Navy selects L3Harris FVR-90 VTOL UAS second phase of UAS demonstration https://t.co/oq766oH6ud
2020-12-04 07:11:51,"OrchidÂ® TI is able to provide life-like panels to offload the demands on your full-scope simulator.

Benefits:
âœ”ï¸ Fâ€¦ https://t.co/cdRBkw089i"
2020-12-04 05:20:28,Check it out! @USNavy  selects @L3HarrisTech's FVR-90 for further #UAS #technology demonstration. @jifx events assiâ€¦ https://t.co/eQHejHNarJ
2020-12-04 05:18:33,RT @TheSLAMR: Check it out! @USNavy selects @L3HarrisTech FVR-90 for further #UAS #technology demonstration. @jifx events assisted with #teâ€¦
2020-12-04 05:18:09,Check it out! @USNavy selects @L3HarrisTech FVR-90 for further #UAS #technology demonstration. @jifx events assisteâ€¦ https://t.co/04ZulvUsuW
2020-12-04 04:29:18,"NAWCAD AIRWorks selects L3Harris for UAS demonstration Phase II https://t.co/rI0oTxPdu7 via @DefenceTech_Mag

#USA #USNavy #US #L3Harris"
2020-12-04 03:10:32,L3Harris in Phase Two of US Navy UAS Trial https://t.co/lz6JqdWj6S #DroneBlog #Drone - @onsaleDrones
2020-12-04 02:07:52,I want more shares of L3Harris...
2020-12-04 01:30:03,"EM Solutions secures additional satellite terminal orders from L3Harris 
#defence #defenceindustry 
https://t.co/EKfbU5Q9yv"
2020-12-04 00:31:26,US Navy selects L3Harris FVR-90 VTOL UAS second phase of UASÂ demonstration https://t.co/QYhY48CPV1
2020-12-03 22:04:43,"RT @L3HarrisTech: The #L3Harris C4I system will provide Bahrain with improved communication systems, the ability to jointly execute missionâ€¦"
2020-12-03 22:00:10,#L3Harrisâ€™ RASISRâ„¢ pod delivers a cutting-edge SIGINT capability and an affordable new dimension to enhance ISR aimâ€¦ https://t.co/q8f36HNm4L
2020-12-03 21:31:54,"RT @SpaceFoundation: Jeff Gonyea sits down for a discussion with Alejandro Sotomayor Colon, Image Science Engineer at @L3HarrisTech! And thâ€¦"
2020-12-03 21:04:35,L3Harris in Phase Two of US Navy UAS Trial https://t.co/73SW0GHQiM
2020-12-03 20:55:05,RT @L3HarrisTech: #L3Harris' Arlington Training Center (LATC) is equipped with the latest aviation technologies and provides a large rangeâ€¦
2020-12-03 20:30:23,#L3Harris' Arlington Training Center (LATC) is equipped with the latest aviation technologies and provides a largeâ€¦ https://t.co/53z8xB4tGc
2020-12-03 19:00:22,"If it's been your dream to work in Aerospace and Defense, you're in luck. L3Harris is looking to hire and strengtheâ€¦ https://t.co/aBmnrQovWM"
2020-12-03 18:03:51,"RT @iitsec: Thank you to vIITSEC Premier Sponsors: CAE, Collins Aerospace, Unreal Engine, L3Harris, Lockheed Martin, and SAIC! Visit https:â€¦"
2020-12-03 18:00:09,"The #L3Harris C4I system will provide Bahrain with improved communication systems, the ability to jointly execute mâ€¦ https://t.co/VfKmRG6X9Y"
2020-12-03 16:45:06,"Thank you to vIITSEC Premier Sponsors: CAE, Collins Aerospace, Unreal Engine, L3Harris, Lockheed Martin, and SAIC!â€¦ https://t.co/KcDj69v1bp"
2020-12-03 16:00:09,"#L3Harris and EM Solutions have perfected a transceiver with the right size, weight and power for the L3Harris Pantâ€¦ https://t.co/wCe6GdXgEn"
2020-12-03 15:54:12,US Navy selects L3Harris FVR-90 VTOL drone  to participate in phase two of a demonstration https://t.co/fBILyqnDAk #drone #uav
2020-12-03 15:06:49,RT @JFIFUDHDVHDJZUH: US Navy selects L3Harris FVR-90 VTOL drone to participate in phase two of a demonstration https://t.co/xPZhCLhh8x
2020-12-03 14:05:06,"#L3Harris helps the @USCG intercept smugglers, locate stranded boats, track ice in the North Atlantic and map oil sâ€¦ https://t.co/WWpooAxfRQ"
2020-12-03 12:36:26,RT @NavyRecognition: #US #Navy selects #L3Harris #FVR90 #VTOL #drone to participate in phase two of a demonstration https://t.co/4H85vX2Wo1
2020-12-03 12:28:31,RT @JFIFUDHDVHDJZUH: US Navy selects L3Harris FVR-90 VTOL drone to participate in phase two of a demonstration https://t.co/xPZhCLhh8x
2020-12-03 12:14:32,RT @NavyRecognition: #US #Navy selects #L3Harris #FVR90 #VTOL #drone to participate in phase two of a demonstration https://t.co/4H85vX2Wo1
2020-12-03 12:14:19,RT @JFIFUDHDVHDJZUH: US Navy selects L3Harris FVR-90 VTOL drone to participate in phase two of a demonstration https://t.co/xPZhCLhh8x
2020-12-03 12:13:07,RT @JFIFUDHDVHDJZUH: US Navy selects L3Harris FVR-90 VTOL drone to participate in phase two of a demonstration https://t.co/xPZhCLhh8x
2020-12-03 12:04:20,RT @NavyRecognition: #US #Navy selects #L3Harris #FVR90 #VTOL #drone to participate in phase two of a demonstration https://t.co/4H85vX2Wo1
2020-12-03 11:57:40,RT @NavyRecognition: #US #Navy selects #L3Harris #FVR90 #VTOL #drone to participate in phase two of a demonstration https://t.co/4H85vX2Wo1
2020-12-03 11:57:13,RT @NavyRecognition: #US #Navy selects #L3Harris #FVR90 #VTOL #drone to participate in phase two of a demonstration https://t.co/4H85vX2Wo1
2020-12-03 11:30:25,US Navy selects L3Harris FVR-90 VTOL drone to participate in phase two of a demonstration https://t.co/xPZhCLhh8x
2020-12-03 11:27:00,RT @NavyRecognition: #US #Navy selects #L3Harris #FVR90 #VTOL #drone to participate in phase two of a demonstration https://t.co/4H85vX2Wo1
2020-12-03 11:19:38,"RT @L3HarrisTech: #L3Harris SpaceView systems meet imaging, size, weight and power requirements for nanosats, microsats and smallsats.

Leaâ€¦"
2020-12-03 11:18:50,"RT @L3HarrisTech: #L3Harrisâ€™ CrIS instrument observes more than 2,000 infrared channels to provide comprehensive information about temperatâ€¦"
2020-12-03 10:24:33,US Navy selects L3Harris FVR-90 VTOL drone to participate in phase two of a demonstration https://t.co/0mC3psX9Sj
2020-12-03 08:38:31,L3Harris in Phase Two of US Navy UAS Trial https://t.co/3NxZxJyXnt
2020-12-03 08:02:43,"5. #SEE - â€˜AI tech. that observes the drivers attention reliably, unobtrusively and in real time - intervening seamâ€¦ https://t.co/gmpNy4czMV"
2020-12-03 07:55:08,"""L3Harris in Phase Two of US Navy UAS Trial"" https://t.co/8DMG7w2GO8"
2020-12-03 07:03:33,L3Harris in Phase Two of US Navy UAS Trial https://t.co/IyrSsoBCIR #droneforgood #drone4good
2020-12-03 04:51:32,NAWCAD AIRWorks selects L3Harris for UAS demonstration Phase II https://t.co/Kp41fc1DAW
2020-12-03 03:42:38,RT @AuManufacturing: Brisbane manufacturer EM Solutions received a second order to supply its Ka-band transceivers for incorporation into dâ€¦
2020-12-03 03:28:58,RT @NavyRecognition: #US #Navy selects #L3Harris #FVR90 #VTOL #drone to participate in phase two of a demonstration https://t.co/4H85vX2Wo1
2020-12-03 03:18:55,Brisbane manufacturer EM Solutions received a second order to supply its Ka-band transceivers for incorporation intâ€¦ https://t.co/zXDmVbeo81
2020-12-03 03:08:00,"We're excited to welcome @L3HarrisTech to the WORK180 network! ğŸ™Œ

L3Harris is committed to building a workplace thaâ€¦ https://t.co/VbP0hMqqX0"
2020-12-03 02:25:11,"RT @SpaceFoundation: Jeff Gonyea sits down for a discussion with Alejandro Sotomayor Colon, Image Science Engineer at @L3HarrisTech! And thâ€¦"
2020-12-03 02:04:00,RT @SAPOABlueCares: Blue Cares wishes a big thank you to Sgt. Joe Correa. This was his final color guard performing at the Annual L3Harris/â€¦
2020-12-03 00:34:14,"New job offer. Lead, Continuous Improvement at L3Harris Technologies. Read the full description and apply today.â€¦ https://t.co/ocmsZC0EYI"
2020-12-03 00:16:55,RT @NavyRecognition: #US #Navy selects #L3Harris #FVR90 #VTOL #drone to participate in phase two of a demonstration https://t.co/4H85vX2Wo1
2020-12-03 00:15:08,"Jeff Gonyea sits down for a discussion with Alejandro Sotomayor Colon, Image Science Engineer at @L3HarrisTech! Andâ€¦ https://t.co/YqWORqb8dG"
2020-12-03 00:15:06,"Jeff Gonyea sits down for a discussion with Alejandro Sotomayor Colon, Image Science Engineer at @L3HarrisTech! Andâ€¦ https://t.co/TjxtDIsWm8"
2020-12-02 23:40:20,RT @SAPOABlueCares: Blue Cares wishes a big thank you to Sgt. Joe Correa. This was his final color guard performing at the Annual L3Harris/â€¦
2020-12-02 23:05:24,RT @NavyRecognition: #US #Navy selects #L3Harris #FVR90 #VTOL #drone to participate in phase two of a demonstration https://t.co/4H85vX2Wo1
2020-12-02 23:03:26,RT @NavyRecognition: #US #Navy selects #L3Harris #FVR90 #VTOL #drone to participate in phase two of a demonstration https://t.co/4H85vX2Wo1
2020-12-02 22:25:44,RT @NavyRecognition: #US #Navy selects #L3Harris #FVR90 #VTOL #drone to participate in phase two of a demonstration https://t.co/4H85vX2Wo1
2020-12-02 22:16:07,RT @NavyRecognition: #US #Navy selects #L3Harris #FVR90 #VTOL #drone to participate in phase two of a demonstration https://t.co/4H85vX2Wo1
2020-12-02 21:44:27,RT @NavyRecognition: #US #Navy selects #L3Harris #FVR90 #VTOL #drone to participate in phase two of a demonstration https://t.co/4H85vX2Wo1
2020-12-02 21:35:59,US Navy Selects L3Harris Technologies for Second Phase ofÂ Unmanned Aerial Systems Demonstration | L3Harrisâ„¢ Fast. Fâ€¦ https://t.co/GJwkrF4YKz
2020-12-02 21:35:23,RT @NavyRecognition: #US #Navy selects #L3Harris #FVR90 #VTOL #drone to participate in phase two of a demonstration https://t.co/4H85vX2Wo1
2020-12-02 21:34:02,RT @NavyRecognition: #US #Navy selects #L3Harris #FVR90 #VTOL #drone to participate in phase two of a demonstration https://t.co/4H85vX2Wo1
2020-12-02 21:15:10,"Take just a minute to participate in our 2021 Pro Pilot Avionics Mfrs Product Support Survey.
Simply click on the lâ€¦ https://t.co/Y0WIVQ1lCv"
2020-12-02 19:00:04,"#L3Harris Power25 Bundles offer a simple, cost-effective path to P25 interoperability, LTE connectivity, extended câ€¦ https://t.co/uXTTautQGb"
2020-12-02 18:07:21,Blue Cares wishes a big thank you to Sgt. Joe Correa. This was his final color guard performing at the Annual L3Harâ€¦ https://t.co/Vyt32TES2W
2020-12-02 18:02:14,".@L3HarrisTech has won a potential five-year, $667.9M #contract to help the @usairforce maintain all variants of thâ€¦ https://t.co/L1WsvWCeaW"
2020-12-02 17:37:07,L3Harris to Help Maintain USAF C-130 Aircraft Under Potential $668M Contract https://t.co/asOUxiDiit
2020-12-02 17:30:19,"Thank you to vIITSEC Premier Sponsors: CAE, Collins Aerospace, Unreal Engine, L3Harris, Lockheed Martin, and SAIC!â€¦ https://t.co/V0Tz5dLPkw"
2020-12-02 17:06:09,RT @NavyRecognition: #US #Navy selects #L3Harris #FVR90 #VTOL #drone to participate in phase two of a demonstration https://t.co/4H85vX2Wo1
2020-12-02 16:55:11,RT @NavyRecognition: #US #Navy selects #L3Harris #FVR90 #VTOL #drone to participate in phase two of a demonstration https://t.co/4H85vX2Wo1
2020-12-02 16:35:03,"-@EMSolutionsPL secures new orders from @L3HarrisTech for its satellite terminal transceivers

https://t.co/IDM1PMt5Xo"
2020-12-02 16:10:05,Innovative 5-yr agreement between @ISDEatVU and @L3HarrisTech to keep global company's #radiation effects engineersâ€¦ https://t.co/7J868JbMtz
2020-12-02 16:02:25,"New post: @L3HarrisTech to Help Maintain @usairforce #C130 Aircraft Under Potential $668M #Contract
https://t.co/9KUF7ne8PP"
2020-12-02 15:44:26,"RT @L3HarrisTech: #L3Harrisâ€™ CrIS instrument observes more than 2,000 infrared channels to provide comprehensive information about temperatâ€¦"
2020-12-02 14:06:40,"RT @L3HarrisTech: #L3Harrisâ€™ CrIS instrument observes more than 2,000 infrared channels to provide comprehensive information about temperatâ€¦"
2020-12-02 14:05:06,"#L3Harrisâ€™ CrIS instrument observes more than 2,000 infrared channels to provide comprehensive information about teâ€¦ https://t.co/lgPlMvZJV7"
2020-12-02 13:26:51,RT @NavyRecognition: #US #Navy selects #L3Harris #FVR90 #VTOL #drone to participate in phase two of a demonstration https://t.co/4H85vX2Wo1
2020-12-02 13:21:58,RT @NavyRecognition: #US #Navy selects #L3Harris #FVR90 #VTOL #drone to participate in phase two of a demonstration https://t.co/4H85vX2Wo1
2020-12-02 13:06:10,RT @NavyRecognition: #US #Navy selects #L3Harris #FVR90 #VTOL #drone to participate in phase two of a demonstration https://t.co/4H85vX2Wo1
2020-12-02 12:59:03,RT @NavyRecognition: #US #Navy selects #L3Harris #FVR90 #VTOL #drone to participate in phase two of a demonstration https://t.co/4H85vX2Wo1
2020-12-02 12:58:05,RT @NavyRecognition: #US #Navy selects #L3Harris #FVR90 #VTOL #drone to participate in phase two of a demonstration https://t.co/4H85vX2Wo1
2020-12-02 12:57:37,RT @NavyRecognition: #US #Navy selects #L3Harris #FVR90 #VTOL #drone to participate in phase two of a demonstration https://t.co/4H85vX2Wo1
2020-12-02 12:56:51,RT @NavyRecognition: #US #Navy selects #L3Harris #FVR90 #VTOL #drone to participate in phase two of a demonstration https://t.co/4H85vX2Wo1
2020-12-02 12:53:42,RT @NavyRecognition: #US #Navy selects #L3Harris #FVR90 #VTOL #drone to participate in phase two of a demonstration https://t.co/4H85vX2Wo1
2020-12-02 12:53:09,#US #Navy selects #L3Harris #FVR90 #VTOL #drone to participate in phase two of a demonstration https://t.co/4H85vX2Wo1
2020-12-02 10:57:32,RT @L3HarrisTech: #L3Harris continues its move into the missile warning market with its recent $193M U.S. Space Development Agency award.â€¦
2020-12-02 10:57:12,RT @L3HarrisTech: The @AUSAorg's #AUSANow tradeshow kicks off tomorrow. Learn why #L3Harris is a Trusted Mission Partner in the video belowâ€¦
2020-12-02 10:56:59,"RT @L3HarrisTech: #L3Harris launches compact team radio at @AUSAorg's #AUSANow.  

The #USArmy asked for a single-channel wideband #MANET râ€¦"
2020-12-02 10:56:49,RT @L3HarrisTech: Launching soon â€“ the new https://t.co/WWYCggus4X. Our new website consolidates 116 legacy sites and features dynamic inteâ€¦
2020-12-02 10:56:27,RT @L3HarrisTech: We look forward to showcasing the #L3Harris Falcon IIIÂ® RF-7800W High Capacity Line-Of-Sight radios with beam steering â€œSâ€¦
2020-12-02 10:55:50,RT @L3HarrisTech: HF is a key part of the @USArmy's network. The #L3Harris AN/PRC-160 provides resilient Beyond-Line-of-Sight communicationâ€¦
2020-12-02 10:55:05,RT @L3HarrisTech: #L3Harris partners with @PoliceOne and @FireRescue1 to help public safety agencies access grants to acquire critical radiâ€¦
2020-12-02 10:54:48,"RT @L3HarrisTech: Enhancements to the worldâ€™s most advanced weather camera, #L3Harrisâ€™ Advanced Baseline Imager, will provide @NOAA with evâ€¦"
2020-12-02 10:54:18,RT @L3HarrisTech: #L3Harris' T4 is the first medium-sized robot with haptic feedback â€” an advanced technology that allows operators to feelâ€¦
2020-12-02 10:54:04,RT @L3HarrisTech: #L3Harris' KI-700 medium rate advanced encryption standard manages telemetry and mission data within a single encryptionâ€¦
2020-12-02 10:53:41,RT @L3HarrisTech: The #L3Harris Ka-band Perimeter Truss Reflector offers low mass and low-stowed volume and height â€” characteristics that sâ€¦
2020-12-02 10:53:21,"RT @L3HarrisTech: #L3Harris SpaceView systems meet imaging, size, weight and power requirements for nanosats, microsats and smallsats.

Leaâ€¦"
2020-12-02 10:53:14,"RT @L3HarrisTech: The #L3Harris Disruptor SRx reacts and adjusts to complex, contested electronic environments and is easily upgradeable toâ€¦"
2020-12-02 10:53:11,"RT @L3HarrisTech: Meet #L3Harrisâ€™ XL-Family. These next-gen radios are FirstNet-ready, use leading technology to ensure crystal-clear audioâ€¦"
2020-12-02 10:53:01,"RT @L3HarrisTech: Primary mirror âœ”
Secondary mirror âœ”

#L3Harris recently completed work on the secondary mirror for #NASAâ€™s Nancy Grace Roâ€¦"
2020-12-02 06:58:46,EM Solutions gains orders from L3Harris Technologies for satellite terminal transceivers https://t.co/wSE1ipAWHb
2020-12-02 05:04:32,US Navy selects L3Harris technologies for the second phase of unmanned aerial systems demonstration https://t.co/ERNIbUOC76
2020-12-02 01:37:40,@sahakbahak NATO countries have let Turkey use their technology in the TB2 drones. They didn't take action to stopâ€¦ https://t.co/MsrC324l5a
2020-12-02 00:34:29,Are you ready for the next stage of your life? You should consider a new job. L3Harris Technologies is #hiring... Câ€¦ https://t.co/YbhEWLreLO
